date,price,day,month,year,day_of_week,is_weekend,lag_1,lag_2,lag_3,lag_7,lag_14,lag_30,rolling_7_mean,rolling_14_mean,rolling_30_mean,rolling_7_std,rolling_14_std,diff_1,diff_7
2024-05-11 02:03:48,74999.0,11,5,2024,5,1,74999.0,74999.0,74999.0,74999.0,74999.0,74999.0,72999.0,67668.0,65450.23333333333,4123.105625617662,6205.825253495553,0.0,-12000.0
2024-05-12 05:26:07,74999.0,12,5,2024,6,1,74999.0,74999.0,74999.0,74999.0,74999.0,74999.0,72999.0,67668.0,65450.23333333333,4123.105625617662,6205.825253495553,0.0,-12000.0
2024-05-13 11:02:56,74999.0,13,5,2024,0,0,74999.0,74999.0,74999.0,74999.0,74999.0,74999.0,72999.0,67668.0,65450.23333333333,4123.105625617662,6205.825253495553,0.0,-12000.0
2024-05-14 00:35:14,74999.0,14,5,2024,1,0,74999.0,74999.0,74999.0,74999.0,74999.0,74999.0,72999.0,67668.0,65450.23333333333,4123.105625617662,6205.825253495553,0.0,-12000.0
2024-05-15 04:05:47,74999.0,15,5,2024,2,0,74999.0,74999.0,74999.0,74999.0,74999.0,74999.0,72999.0,67668.0,65450.23333333333,4123.105625617662,6205.825253495553,0.0,-12000.0
2024-06-14 18:40:01,63999.0,14,6,2024,4,0,74999.0,74999.0,74999.0,74999.0,74999.0,74999.0,72999.0,67668.0,65450.23333333333,4123.105625617662,6205.825253495553,-11000.0,-12000.0
2024-06-16 18:38:14,71999.0,16,6,2024,6,1,63999.0,74999.0,74999.0,74999.0,74999.0,74999.0,72999.0,67668.0,65450.23333333333,4123.105625617662,6205.825253495553,8000.0,-12000.0
2024-06-18 17:51:02,62999.0,18,6,2024,1,0,71999.0,63999.0,74999.0,74999.0,74999.0,74999.0,71284.71428571429,67668.0,65450.23333333333,5437.961803049797,6205.825253495553,-9000.0,-12000.0
2024-06-20 12:02:10,62620.0,20,6,2024,3,0,62999.0,71999.0,63999.0,74999.0,74999.0,74999.0,69516.28571428571,67668.0,65450.23333333333,6011.357991732148,6205.825253495553,-379.0,-12379.0
2024-06-21 08:31:16,62340.0,21,6,2024,4,0,62620.0,62999.0,71999.0,74999.0,74999.0,74999.0,67707.85714285714,67668.0,65450.23333333333,5991.168122844708,6205.825253495553,-280.0,-12659.0
2024-06-21 10:42:53,62240.0,21,6,2024,4,0,62340.0,62620.0,62999.0,74999.0,74999.0,74999.0,65885.14285714286,67668.0,65450.23333333333,5304.797496247209,6205.825253495553,-100.0,-12759.0
2024-06-21 14:23:27,62150.0,21,6,2024,4,0,62240.0,62340.0,62620.0,74999.0,74999.0,74999.0,64049.57142857143,67668.0,65450.23333333333,3562.510858797183,6205.825253495553,-90.0,-12849.0
2024-06-21 19:36:43,62040.0,21,6,2024,4,0,62150.0,62240.0,62340.0,63999.0,74999.0,74999.0,63769.71428571428,67668.0,65450.23333333333,3643.1781324500366,6205.825253495553,-110.0,-1959.0
2024-06-22 06:12:14,61970.0,22,6,2024,5,1,62040.0,62150.0,62240.0,71999.0,74999.0,74999.0,62337.0,67668.0,65450.23333333333,361.85125857678315,6205.825253495553,-70.0,-10029.0
2024-06-22 09:55:54,62920.0,22,6,2024,5,1,61970.0,62040.0,62150.0,62999.0,74999.0,74999.0,62325.71428571428,66805.21428571429,65450.23333333333,338.2236509996119,5942.272463247761,950.0,-79.0
2024-06-22 11:31:04,62909.0,22,6,2024,5,1,62920.0,61970.0,62040.0,62620.0,74999.0,74999.0,62367.0,65941.64285714286,65450.23333333333,393.28912180939074,5523.65270182058,-11.0,289.0
2024-06-22 12:24:22,70999.0,22,6,2024,5,1,62909.0,62920.0,61970.0,62340.0,74999.0,74999.0,63604.0,65655.92857142857,65450.23333333333,3284.4981859233203,5106.8422798661695,8090.0,8659.0
2024-06-24 05:46:32,64900.0,24,6,2024,0,0,70999.0,62909.0,62920.0,62240.0,74999.0,74999.0,63984.0,64934.57142857143,65450.23333333333,3254.1227696570145,4341.493481320891,-6099.0,2660.0
2024-06-26 13:35:18,64999.0,26,6,2024,2,0,64900.0,70999.0,62909.0,62150.0,74999.0,74999.0,64391.0,64220.28571428572,65450.23333333333,3163.4110281993976,3241.5561891586412,99.0,2849.0
2024-06-27 18:16:20,72999.0,27,6,2024,3,0,64999.0,64900.0,70999.0,62040.0,63999.0,74999.0,65956.57142857143,64863.142857142855,65450.23333333333,4309.995779469839,3998.375321151249,8000.0,10959.0
2024-06-28 04:31:05,62999.0,28,6,2024,4,0,72999.0,64999.0,64900.0,61970.0,71999.0,74999.0,66103.57142857143,64220.28571428572,65450.23333333333,4166.525245219069,3448.521699524025,-10000.0,1029.0
2024-06-28 09:21:08,64750.0,28,6,2024,4,0,62999.0,72999.0,64999.0,62920.0,62999.0,74999.0,66365.0,64345.357142857145,65450.23333333333,3987.0249978315323,3432.536438422622,1751.0,1830.0
2024-06-29 17:03:54,62600.0,29,6,2024,5,1,64750.0,62999.0,72999.0,62909.0,62620.0,74999.0,66320.85714285714,64343.92857142857,65450.23333333333,4033.110025301898,3433.313816669898,-2150.0,-309.0
2024-06-30 11:26:13,61880.0,30,6,2024,6,1,62600.0,64750.0,62999.0,70999.0,62340.0,74999.0,65018.142857142855,64311.07142857143,65450.23333333333,3731.679667771251,3456.0923791136124,-720.0,-9119.0
2024-06-30 17:00:19,61600.0,30,6,2024,6,1,61880.0,62600.0,64750.0,64900.0,62240.0,74999.0,64546.71428571428,64265.357142857145,65450.23333333333,3951.089036130266,3489.663673614581,-280.0,-3300.0
2024-06-30 20:22:23,61550.0,30,6,2024,6,1,61600.0,61880.0,62600.0,64999.0,62150.0,74999.0,64054.0,64222.5,65450.23333333333,4097.621057800924,3521.183121753715,-50.0,-3449.0
2024-07-01 09:27:40,60690.0,1,7,2024,0,0,61550.0,61600.0,61880.0,72999.0,62040.0,74999.0,62295.57142857143,64126.07142857143,65450.23333333333,1316.6854670147584,3603.081682378333,-860.0,-12309.0
2024-07-01 14:50:59,60430.0,1,7,2024,0,0,60690.0,61550.0,61600.0,62999.0,61970.0,74999.0,61928.57142857143,64016.07142857143,65450.23333333333,1440.1785603578971,3696.2711868602605,-260.0,-2569.0
2024-07-02 01:47:15,60250.0,2,7,2024,1,0,60430.0,60690.0,61550.0,64750.0,62920.0,74999.0,61285.71428571428,63825.357142857145,65450.23333333333,857.2214249707267,3823.854109044032,-180.0,-4500.0
2024-07-02 11:18:13,59680.0,2,7,2024,1,0,60250.0,60430.0,60690.0,62600.0,62909.0,74999.0,60868.57142857143,63594.71428571428,65450.23333333333,820.7603907645043,3977.6656553730427,-570.0,-2920.0
2024-07-02 14:51:42,59660.0,2,7,2024,1,0,59680.0,60250.0,60430.0,61880.0,70999.0,74999.0,60551.42857142857,62784.78571428572,64938.933333333334,793.2512962787466,3476.9401043174744,-20.0,-2220.0
2024-07-02 16:16:05,59650.0,2,7,2024,1,0,59660.0,59680.0,60250.0,61600.0,64900.0,74999.0,60272.857142857145,62409.78571428572,64427.3,700.635765709102,3514.1741819834315,-10.0,-1950.0
2024-07-02 17:27:17,59640.0,2,7,2024,1,0,59650.0,59660.0,59680.0,61550.0,64999.0,74999.0,60000.0,62027.0,63915.333333333336,446.01943156509265,3502.29370995202,-10.0,-1910.0
2024-07-02 18:13:59,59300.0,2,7,2024,1,0,59640.0,59650.0,59660.0,60690.0,72999.0,74999.0,59801.42857142857,61048.5,63392.03333333333,394.01474470880527,1595.8135012492928,-340.0,-1390.0
2024-07-03 03:52:38,59240.0,3,7,2024,2,0,59300.0,59640.0,59650.0,60430.0,62999.0,74999.0,59631.42857142857,60780.0,62866.73333333333,328.9593982767793,1558.1794110189576,-60.0,-1190.0
2024-07-03 05:45:16,59079.0,3,7,2024,2,0,59240.0,59300.0,59640.0,60250.0,64750.0,63999.0,59464.142857142855,60374.92857142857,62702.73333333333,250.31342258087722,1123.1254785907345,-161.0,-1171.0
2024-07-03 07:18:07,58790.0,3,7,2024,2,0,59079.0,59240.0,59300.0,59680.0,62600.0,71999.0,59337.0,60102.78571428572,62262.433333333334,334.32967761429956,997.0160232161696,-289.0,-890.0
2024-07-03 10:45:00,58699.0,3,7,2024,2,0,58790.0,59079.0,59240.0,59660.0,61880.0,62999.0,59199.71428571428,59875.57142857143,62119.1,374.4866327328542,920.3631151543439,-91.0,-961.0
2024-07-03 11:12:26,58650.0,3,7,2024,2,0,58699.0,58790.0,59079.0,59650.0,61600.0,62620.0,59056.857142857145,59664.857142857145,61986.76666666667,364.69458846753145,828.2814327681662,-49.0,-1000.0
2024-07-03 16:02:26,58545.0,3,7,2024,2,0,58650.0,58699.0,58790.0,59640.0,61550.0,62340.0,58900.42857142857,59450.21428571428,61860.26666666667,302.39756234905565,677.8907534601267,-105.0,-1095.0
2024-07-03 19:19:14,59990.0,3,7,2024,2,0,58545.0,58650.0,58699.0,59300.0,60690.0,62240.0,58999.0,59400.21428571428,61785.26666666667,501.35815541423284,600.8498057013544,1445.0,690.0
2024-07-03 21:13:24,58545.0,3,7,2024,2,0,59990.0,58545.0,58650.0,59240.0,60430.0,62150.0,58899.71428571428,59265.57142857143,61665.1,514.3266518101799,562.3027810555357,-1445.0,-695.0
2024-07-04 05:50:41,58490.0,4,7,2024,3,0,58545.0,59990.0,58545.0,59079.0,60250.0,62040.0,58815.57142857143,59139.857142857145,61546.76666666667,528.102533334818,520.4695893200404,-55.0,-589.0
2024-07-04 14:18:04,59670.0,4,7,2024,3,0,58490.0,58545.0,59990.0,58790.0,59680.0,61970.0,58941.28571428572,59139.142857142855,61470.1,618.0775879792673,519.6775416093384,1180.0,880.0
2024-07-04 14:50:15,59650.0,4,7,2024,3,0,59670.0,58490.0,58545.0,58699.0,59660.0,62920.0,59077.142857142855,59138.42857142857,61361.1,659.10202259653,518.9128746031936,-20.0,951.0
2024-07-04 17:28:30,59670.0,4,7,2024,3,0,59650.0,59670.0,58490.0,58650.0,59650.0,62909.0,59222.857142857145,59139.857142857145,61253.13333333333,661.676262375213,520.4548095575512,20.0,1020.0
2024-07-04 18:21:49,59699.0,4,7,2024,3,0,59670.0,59650.0,59670.0,58545.0,59640.0,70999.0,59387.71428571428,59144.07142857143,60876.46666666667,606.0623494566556,525.0348654046586,29.0,1154.0
2024-07-05 06:20:29,61800.0,5,7,2024,4,0,59699.0,59670.0,59650.0,59990.0,59300.0,64900.0,59646.28571428572,59322.642857142855,60773.13333333333,1094.8538280347059,884.3430945009858,2101.0,1810.0
2024-07-06 09:12:40,61230.0,6,7,2024,5,1,61800.0,59699.0,59670.0,58545.0,59240.0,64999.0,60029.857142857145,59464.78571428572,60647.5,1114.8737489917019,1019.6203047872433,-570.0,2685.0
2024-07-07 10:13:24,59490.0,7,7,2024,6,1,61230.0,61800.0,59699.0,58490.0,59079.0,72999.0,60172.71428571428,59494.142857142855,60197.2,934.0850629157056,1013.5570157500701,-1740.0,1000.0
2024-07-07 16:28:32,57800.0,7,7,2024,6,1,59490.0,61230.0,61800.0,59670.0,58790.0,62999.0,59905.57142857143,59423.42857142857,60023.9,1298.2413562384925,1097.5205422495326,-1690.0,-1870.0
2024-07-08 09:59:19,59430.0,8,7,2024,0,0,57800.0,59490.0,61230.0,59650.0,58699.0,64750.0,59874.142857142855,59475.642857142855,59846.566666666666,1308.085169063602,1077.6129323038474,1630.0,-220.0
2024-07-08 14:04:03,59100.0,8,7,2024,0,0,59430.0,57800.0,59490.0,59670.0,58650.0,62600.0,59792.71428571428,59507.78571428572,59729.9,1340.2567806564473,1057.61714598095,-330.0,-570.0
2024-07-08 14:27:10,59080.0,8,7,2024,0,0,59100.0,59430.0,57800.0,59699.0,58545.0,61880.0,59704.28571428572,59546.0,59636.566666666666,1367.61175220245,1029.4435390055933,-20.0,-619.0
2024-07-08 15:23:27,59040.0,8,7,2024,0,0,59080.0,59100.0,59430.0,61800.0,59990.0,61600.0,59310.0,59478.142857142855,59551.23333333333,1015.151876978859,1029.2356280377887,-40.0,-2760.0
2024-07-08 17:37:20,58750.0,8,7,2024,0,0,59040.0,59080.0,59100.0,61230.0,58545.0,61550.0,58955.71428571428,59492.78571428572,59457.9,567.4168703539677,1016.3158336003316,-290.0,-2480.0
2024-07-09 08:09:28,58350.0,9,7,2024,1,0,58750.0,59040.0,59080.0,59490.0,58490.0,60690.0,58792.857142857145,59482.78571428572,59379.9,551.897160883143,1027.5681657024993,-400.0,-1140.0
2024-07-09 08:36:33,58330.0,9,7,2024,1,0,58350.0,58750.0,59040.0,57800.0,59670.0,60430.0,58868.57142857143,59387.07142857143,59309.9,411.47817161385126,1070.3076814483775,-20.0,530.0
2024-07-10 01:08:02,57995.0,10,7,2024,2,0,58330.0,58350.0,58750.0,59430.0,59650.0,60250.0,58663.57142857143,59268.857142857145,59234.73333333333,441.5192925736037,1128.8301539575787,-335.0,-1435.0
2024-07-10 14:10:40,58620.0,10,7,2024,2,0,57995.0,58330.0,58350.0,59100.0,59670.0,59680.0,58595.0,59193.857142857145,59199.4,397.52358420654144,1134.9922979843939,625.0,-480.0
2024-07-10 16:06:07,58900.0,10,7,2024,2,0,58620.0,57995.0,58330.0,59080.0,59699.0,59660.0,58569.28571428572,59136.78571428572,59174.066666666666,365.4498206717156,1127.7029190468363,280.0,-180.0
2024-07-11 12:12:32,58550.0,11,7,2024,3,0,58900.0,58620.0,57995.0,59040.0,61800.0,59650.0,58499.28571428572,58904.642857142855,59137.4,301.612728669831,833.4092730969049,-350.0,-490.0
2024-07-12 04:39:55,61300.0,12,7,2024,4,0,58550.0,58900.0,58620.0,58750.0,61230.0,59640.0,58863.57142857143,58909.642857142855,59192.73333333333,1110.4080116701925,848.5065257122179,2750.0,2550.0
2024-07-13 00:40:01,74999.0,13,7,2024,5,1,61300.0,58550.0,58900.0,58350.0,59490.0,59300.0,61242.0,60017.42857142857,59716.03333333333,6162.898100731525,4391.508181694579,13699.0,16649.0
2024-07-13 13:12:10,60999.0,13,7,2024,5,1,74999.0,61300.0,58550.0,58330.0,57800.0,59240.0,61623.28571428572,60245.92857142857,59774.666666666664,6033.925359009295,4350.287301994022,-14000.0,2669.0
2024-07-13 20:04:29,60900.0,13,7,2024,5,1,60999.0,74999.0,61300.0,57995.0,59430.0,59079.0,62038.28571428572,60350.92857142857,59835.36666666667,5839.558222853457,4346.817712450688,-99.0,2905.0
2024-07-14 02:48:03,74999.0,14,7,2024,6,1,60900.0,60999.0,74999.0,58620.0,59100.0,58790.0,64378.142857142855,61486.57142857143,60375.666666666664,7332.2752137057605,5821.56668992763,14099.0,16379.0
2024-07-14 07:39:10,59999.0,14,7,2024,6,1,74999.0,60900.0,60999.0,58900.0,59080.0,58699.0,64535.142857142855,61552.21428571428,60419.0,7206.10688764679,5797.474651532773,-15000.0,1099.0
2024-07-14 15:56:49,64999.0,14,7,2024,6,1,59999.0,74999.0,60900.0,58550.0,59040.0,58650.0,65456.42857142857,61977.857142857145,60630.63333333333,6708.448848458258,5817.559399149917,5000.0,6449.0
2024-07-14 17:59:36,59999.0,14,7,2024,6,1,64999.0,59999.0,74999.0,61300.0,58750.0,58545.0,65270.57142857143,62067.07142857143,60679.1,6859.124624837167,5773.662688507141,-5000.0,-1301.0
2024-07-15 07:57:54,61299.0,15,7,2024,0,0,59999.0,64999.0,59999.0,74999.0,58350.0,59990.0,63313.42857142857,62277.71428571428,60722.73333333333,5425.307114414298,5680.6654462385,1300.0,-13700.0
2024-07-15 10:50:04,61250.0,15,7,2024,0,0,61299.0,59999.0,64999.0,60999.0,58330.0,58545.0,63349.28571428572,62486.28571428572,60812.9,5408.2637606501785,5577.235314942511,-49.0,251.0
2024-07-15 16:27:21,67999.0,15,7,2024,0,0,61250.0,61299.0,59999.0,60900.0,57995.0,58490.0,64363.42857142857,63200.857142857145,61129.86666666667,5536.505271292321,5598.365130274035,6749.0,7099.0
2024-07-15 19:06:53,60900.0,15,7,2024,0,0,67999.0,61250.0,61299.0,74999.0,58620.0,59670.0,62349.28571428572,63363.71428571428,61170.86666666667,3011.0878828249806,5486.910121490852,-7099.0,-14099.0
2024-07-16 04:40:13,59950.0,16,7,2024,1,0,60900.0,67999.0,61250.0,59999.0,58900.0,59650.0,62342.28571428572,63438.71428571428,61180.86666666667,3017.512425508042,5428.063295767397,-950.0,-49.0
2024-07-16 07:09:16,59740.0,16,7,2024,1,0,59950.0,60900.0,67999.0,64999.0,58550.0,59670.0,61591.0,63523.71428571428,61183.2,2898.1326171634914,5354.438380785275,-210.0,-5259.0
2024-07-16 09:00:01,59550.0,16,7,2024,1,0,59740.0,59950.0,60900.0,59999.0,61300.0,59699.0,61526.857142857145,63398.71428571428,61178.23333333333,2943.848186109023,5430.235048441159,-190.0,-449.0
2024-07-16 13:09:55,59350.0,16,7,2024,1,0,59550.0,59740.0,59950.0,61299.0,74999.0,61800.0,61248.42857142857,62280.92857142857,61096.566666666666,3058.9100377500276,4364.807819617945,-200.0,-1949.0
2024-07-16 15:59:39,59300.0,16,7,2024,1,0,59350.0,59550.0,59740.0,61250.0,60999.0,61230.0,60969.857142857145,62159.57142857143,61032.23333333333,3146.287252650455,4426.376564923692,-50.0,-1950.0
2024-07-16 17:19:30,59520.0,16,7,2024,1,0,59300.0,59350.0,59550.0,67999.0,60900.0,59490.0,59758.57142857143,62061.0,61033.23333333333,550.3764945150009,4471.717205865209,220.0,-8479.0
2024-07-16 19:28:37,59300.0,16,7,2024,1,0,59520.0,59300.0,59350.0,60900.0,74999.0,57800.0,59530.0,60939.642857142855,61083.23333333333,244.6766573807418,2520.3541145318536,-220.0,-1600.0
2024-07-17 05:50:15,59250.0,17,7,2024,2,0,59300.0,59520.0,59300.0,59950.0,59999.0,59430.0,59430.0,60886.142857142855,61077.23333333333,178.51237118759687,2549.636711894,-50.0,-700.0
2024-07-17 10:14:38,59130.0,17,7,2024,2,0,59250.0,59300.0,59520.0,59740.0,64999.0,59100.0,59342.857142857145,60466.92857142857,61078.23333333333,148.29186151246572,2290.7252954296387,-120.0,-610.0
2024-07-17 18:59:29,59099.0,17,7,2024,2,0,59130.0,59250.0,59300.0,59550.0,59999.0,59080.0,59278.42857142857,60402.642857142855,61078.86666666667,141.09318096437246,2317.341069387168,-31.0,-451.0
2024-07-18 07:55:27,59100.0,18,7,2024,3,0,59099.0,59130.0,59250.0,59350.0,61299.0,59040.0,59242.71428571428,60245.57142857143,61080.86666666667,151.23349969148023,2326.418962012976,1.0,-250.0
2024-07-18 13:56:51,58999.0,18,7,2024,3,0,59100.0,59099.0,59130.0,59300.0,61250.0,58750.0,59199.71428571428,60084.78571428572,61089.166666666664,173.39811060755258,2329.4446739537198,-101.0,-301.0
2024-07-18 15:23:43,59099.0,18,7,2024,3,0,58999.0,59100.0,59099.0,59520.0,67999.0,58350.0,59139.57142857143,59449.07142857143,61114.13333333333,102.17771633117336,497.7789846737544,100.0,-421.0
2024-07-18 16:30:57,64999.0,18,7,2024,3,0,59099.0,58999.0,59100.0,59300.0,60900.0,58330.0,59953.71428571428,59741.857142857145,61336.433333333334,2225.983207056054,1537.1696196454154,5900.0,5699.0
2024-07-19 14:43:53,64490.0,19,7,2024,4,0,64999.0,59099.0,58999.0,59250.0,59950.0,57995.0,60702.28571428572,60066.142857142855,61552.933333333334,2765.5670735123226,1995.125901450264,-509.0,5240.0
2024-07-19 18:00:53,64249.0,19,7,2024,4,0,64490.0,64999.0,59099.0,59130.0,59740.0,58620.0,61433.57142857143,60388.21428571428,61740.566666666666,2951.0962854021745,2281.7766417547277,-241.0,5119.0
2024-07-20 00:46:00,63900.0,20,7,2024,5,1,64249.0,64490.0,64999.0,59099.0,59550.0,58900.0,62119.42857142857,60698.92857142857,61907.23333333333,2875.0090351825215,2448.9085312656757,-349.0,4801.0
2024-07-20 04:51:57,64390.0,20,7,2024,5,1,63900.0,64249.0,64490.0,59100.0,59350.0,58550.0,62875.142857142855,61058.92857142857,62101.9,2634.2259728790555,2601.0794937808646,490.0,5290.0
2024-07-20 05:46:33,63749.0,20,7,2024,5,1,64390.0,63900.0,64249.0,58999.0,59300.0,61300.0,63553.71428571428,61376.71428571428,62183.53333333333,2006.2738027070625,2641.1217729935283,-641.0,4750.0
2024-07-20 06:01:10,63690.0,20,7,2024,5,1,63749.0,64390.0,63900.0,59099.0,59520.0,74999.0,64209.57142857143,61674.57142857143,61806.566666666666,467.9497327502137,2650.7423260515366,-59.0,4591.0
2024-07-20 07:11:55,63450.0,20,7,2024,5,1,63690.0,63749.0,64390.0,64999.0,59300.0,60999.0,63988.28571428572,61971.0,61888.26666666667,392.6069766258561,2596.255172951443,-240.0,-1549.0
2024-07-20 09:57:31,62210.0,20,7,2024,5,1,63450.0,63690.0,63749.0,64490.0,59250.0,60900.0,63662.57142857143,62182.42857142857,61931.933333333334,717.9595757290425,2475.331888059486,-1240.0,-2280.0
2024-07-20 12:14:55,61789.0,20,7,2024,5,1,62210.0,63450.0,63690.0,64249.0,59130.0,74999.0,63311.142857142855,62372.357142857145,61491.6,948.2134830953948,2320.2607481834034,-421.0,-2460.0
2024-07-20 12:30:19,61699.0,20,7,2024,5,1,61789.0,62210.0,63450.0,63900.0,59099.0,59999.0,62996.71428571428,62558.07142857143,61548.26666666667,1076.634217408746,2134.7421917587317,-90.0,-2201.0
2024-07-20 12:46:37,61698.0,20,7,2024,5,1,61699.0,61789.0,62210.0,64390.0,59100.0,64999.0,62612.142857142855,62743.642857142855,61438.23333333333,971.6819487486281,1912.3478363657798,-1.0,-2692.0
2024-07-20 15:12:01,61530.0,20,7,2024,5,1,61698.0,61699.0,61789.0,63749.0,58999.0,59999.0,62295.142857142855,62924.42857142857,61489.26666666667,898.1611638178371,1629.88851503061,-168.0,-2219.0
2024-07-20 15:39:30,61499.0,20,7,2024,5,1,61530.0,61698.0,61699.0,63690.0,59099.0,61299.0,61982.142857142855,63095.857142857145,61495.933333333334,688.306479356368,1286.6620414045437,-31.0,-2191.0
2024-07-20 16:43:28,61400.0,20,7,2024,5,1,61499.0,61530.0,61698.0,63450.0,64999.0,61250.0,61689.28571428572,62838.78571428572,61500.933333333334,266.62190100477454,1235.6956420495885,-99.0,-2050.0
2024-07-20 17:17:51,61380.0,20,7,2024,5,1,61400.0,61499.0,61530.0,62210.0,64490.0,67999.0,61570.71428571428,62616.642857142855,61280.3,159.49055801333463,1194.8914084644362,-20.0,-830.0
2024-07-20 19:24:53,61350.0,20,7,2024,5,1,61380.0,61400.0,61499.0,61789.0,64249.0,60900.0,61508.0,62409.57142857143,61295.3,145.00459762884446,1140.1904506425353,-30.0,-439.0
2024-07-20 23:05:18,61348.0,20,7,2024,5,1,61350.0,61380.0,61400.0,61699.0,63900.0,59950.0,61457.857142857145,62227.28571428572,61341.9,127.59105058995557,1086.3066877177919,-2.0,-351.0
2024-07-21 03:20:08,61199.0,21,7,2024,6,1,61348.0,61350.0,61380.0,61698.0,64390.0,59740.0,61386.57142857143,61999.357142857145,61390.53333333333,109.12051005407614,919.5955304157583,-149.0,-499.0
2024-07-21 04:58:52,61180.0,21,7,2024,6,1,61199.0,61348.0,61350.0,61530.0,63749.0,59550.0,61336.57142857143,61815.857142857145,61444.86666666667,112.57864975709623,790.9201901917553,-19.0,-350.0
2024-07-21 05:38:00,61120.0,21,7,2024,6,1,61180.0,61199.0,61348.0,61499.0,63690.0,59350.0,61282.42857142857,61632.28571428572,61503.86666666667,112.57864975710659,596.9305369423616,-60.0,-379.0
2024-07-21 05:57:31,61110.0,21,7,2024,6,1,61120.0,61180.0,61199.0,61400.0,63450.0,59300.0,61241.0,61465.142857142855,61564.2,115.42530052021665,305.0626309324915,-10.0,-290.0
2024-07-21 07:08:25,61348.0,21,7,2024,6,1,61110.0,61120.0,61180.0,61380.0,62210.0,59520.0,61236.42857142857,61403.57142857143,61625.13333333333,109.483419054218,217.6195389585091,238.0,-32.0
2024-07-21 08:53:48,61199.0,21,7,2024,6,1,61348.0,61110.0,61120.0,61350.0,61789.0,59300.0,61214.857142857145,61361.42857142857,61688.433333333334,97.60879156438388,192.97019071801918,-149.0,-151.0
2024-07-21 12:31:27,79999.0,21,7,2024,6,1,61199.0,61348.0,61110.0,61348.0,61699.0,59250.0,63879.28571428572,62668.57142857143,62380.066666666666,7108.553573320105,4990.826102642057,18800.0,18651.0
2024-07-21 16:41:46,64800.0,21,7,2024,6,1,79999.0,61199.0,61348.0,61199.0,61698.0,59130.0,64393.71428571428,62890.142857142855,62569.066666666666,7011.900948014169,5013.229818070512,-15199.0,3601.0
2024-07-22 03:21:53,61099.0,22,7,2024,0,0,64800.0,79999.0,61199.0,61180.0,61530.0,59099.0,64382.142857142855,62859.357142857145,62635.73333333333,7018.152354871656,5023.537576819186,-3701.0,-81.0
2024-07-22 09:52:37,61900.0,22,7,2024,0,0,61099.0,64800.0,79999.0,61120.0,61499.0,59100.0,64493.57142857143,62888.0,62729.066666666666,6963.707318594581,5016.322557411963,801.0,780.0
2024-07-22 15:00:20,61499.0,22,7,2024,0,0,61900.0,61099.0,64800.0,61110.0,61400.0,58999.0,64549.142857142855,62895.07142857143,62812.4,6933.69313397922,5014.132894809758,-401.0,389.0
2024-07-22 17:08:18,61099.0,22,7,2024,0,0,61499.0,61900.0,61099.0,61348.0,61380.0,59099.0,64513.57142857143,62875.0,62879.066666666666,6953.463354260791,5021.221610478725,-400.0,-249.0
2024-07-22 19:30:34,61149.0,22,7,2024,0,0,61099.0,61499.0,61900.0,61199.0,61350.0,64999.0,64506.42857142857,62860.642857142855,62750.73333333333,6957.460213256539,5026.202337705929,50.0,-50.0
2024-07-22 20:30:43,63999.0,22,7,2024,0,0,61149.0,61099.0,61499.0,79999.0,61348.0,64490.0,62220.71428571428,63050.0,62734.36666666667,1533.177605963745,5014.7552436630685,2850.0,-16000.0
2024-07-23 02:26:38,61099.0,23,7,2024,1,0,63999.0,61149.0,61099.0,64800.0,61199.0,64249.0,61692.0,63042.857142857145,62629.36666666667,1060.8611282036372,5017.664931284017,-2900.0,-3701.0
2024-07-23 09:49:20,60880.0,23,7,2024,1,0,61099.0,63999.0,61149.0,61099.0,61180.0,63900.0,61660.71428571428,63021.42857142857,62528.7,1084.2356315681875,5026.864624797851,-219.0,-219.0
2024-07-23 10:34:48,60870.0,23,7,2024,1,0,60880.0,61099.0,63999.0,61900.0,61120.0,64390.0,61513.57142857143,63003.57142857143,62411.36666666667,1115.7819167357259,5034.576855098172,-10.0,-1030.0
2024-07-23 11:27:18,60499.0,23,7,2024,1,0,60870.0,60880.0,61099.0,61499.0,61110.0,63749.0,61370.71428571428,62959.92857142857,62303.03333333333,1180.1201512679704,5054.861581674636,-371.0,-1000.0
2024-07-23 14:47:07,60879.0,23,7,2024,1,0,60499.0,60870.0,60880.0,61099.0,61348.0,63690.0,61339.28571428572,62926.42857142857,62209.333333333336,1191.437607023019,5067.9033096581525,380.0,-220.0
2024-07-23 22:02:46,59999.0,23,7,2024,1,0,60879.0,60499.0,60870.0,61149.0,61199.0,63450.0,61175.0,62840.71428571428,62094.3,1296.6861609503537,5109.3454560257605,-880.0,-1150.0
2024-07-24 00:22:15,60499.0,24,7,2024,2,0,59999.0,60879.0,60499.0,63999.0,79999.0,62210.0,60675.0,61447.857142857145,62037.26666666667,369.7679452487747,1338.3826552478781,500.0,-3500.0
2024-07-24 03:43:06,59990.0,24,7,2024,2,0,60499.0,59999.0,60879.0,61099.0,64800.0,61789.0,60516.57142857143,61104.28571428572,61977.3,394.57185959102577,981.4586028005725,-509.0,-1109.0
2024-07-24 04:24:54,59999.0,24,7,2024,2,0,59990.0,60499.0,59999.0,60880.0,61099.0,61699.0,60390.71428571428,61025.71428571428,61920.63333333333,399.8002477430517,1024.9800319685924,9.0,-881.0
2024-07-24 11:25:54,59990.0,24,7,2024,2,0,59999.0,59990.0,60499.0,60870.0,61900.0,61698.0,60265.0,60889.28571428572,61863.7,360.38636674200023,1026.7702483308658,-9.0,-880.0
2024-07-24 17:22:25,59949.0,24,7,2024,2,0,59990.0,59999.0,59990.0,60499.0,61499.0,61530.0,60186.42857142857,60778.57142857143,61811.0,360.8221432337323,1039.457011675411,-41.0,-550.0
2024-07-25 03:50:03,59849.0,25,7,2024,3,0,59949.0,59990.0,59999.0,60879.0,61099.0,61499.0,60039.28571428572,60689.28571428572,61756.0,209.68286711619447,1063.2295814439367,-100.0,-1030.0
2024-07-25 10:18:02,60680.0,25,7,2024,3,0,59849.0,59949.0,59990.0,59999.0,61149.0,61400.0,60136.57142857143,60655.78571428572,61732.0,317.920774797407,1054.9874354755598,831.0,681.0
2024-07-25 15:04:13,59849.0,25,7,2024,3,0,60680.0,59849.0,59949.0,60499.0,63999.0,61380.0,60043.71428571428,60359.357142857145,61680.96666666667,287.9315394824507,456.79680841284653,-831.0,-650.0
2024-07-25 15:22:22,59799.0,25,7,2024,3,0,59849.0,60680.0,59849.0,59990.0,61099.0,61350.0,60016.42857142857,60266.5,61629.26666666667,302.5490908614908,425.96835382676807,-50.0,-191.0
2024-07-25 18:14:29,63680.0,25,7,2024,3,0,59799.0,59849.0,60680.0,59999.0,60880.0,61348.0,60542.28571428572,60466.5,61707.0,1416.2737158104028,1002.8588941315662,3881.0,3681.0
2024-07-26 02:03:49,59759.0,26,7,2024,4,0,63680.0,59799.0,59849.0,59990.0,60870.0,61199.0,60509.28571428572,60387.142857142855,61659.0,1433.868975218937,1012.3854432549989,-3921.0,-231.0
2024-07-26 06:57:12,63650.0,26,7,2024,4,0,59759.0,63680.0,59799.0,59949.0,60499.0,61180.0,61038.0,60612.21428571428,61741.333333333336,1822.5109053172132,1337.2917625716798,3891.0,3701.0
2024-07-26 08:11:02,59849.0,26,7,2024,4,0,63650.0,59759.0,63680.0,59849.0,60879.0,61120.0,61038.0,60538.642857142855,61698.96666666667,1822.5109053172132,1349.7601842347306,-3801.0,0.0
2024-07-26 09:54:20,74999.0,26,7,2024,4,0,59849.0,63650.0,59759.0,60680.0,59999.0,61110.0,63083.57142857143,61610.07142857143,62161.933333333334,5559.0780967454,4080.190124987338,15150.0,14319.0
2024-07-26 16:19:00,62990.0,26,7,2024,4,0,74999.0,59849.0,63650.0,59849.0,60499.0,61348.0,63532.28571428572,61788.0,62216.666666666664,5378.304990554993,4082.324677096494,-12009.0,3141.0
2024-07-26 17:20:07,61999.0,26,7,2024,4,0,62990.0,74999.0,59849.0,59799.0,59990.0,61199.0,63846.57142857143,61931.5,62243.333333333336,5184.578120321312,4049.437733999459,-991.0,2200.0
2024-07-27 01:48:53,62500.0,27,7,2024,5,1,61999.0,62990.0,74999.0,63680.0,59999.0,79999.0,63678.0,62110.142857142855,61660.03333333333,5210.017530360799,4012.625724982509,501.0,-1180.0
2024-07-27 08:12:41,62980.0,27,7,2024,5,1,62500.0,61999.0,62990.0,59759.0,59990.0,64800.0,64138.142857142855,62323.71428571428,61599.36666666667,4941.528421739303,3970.4506124537356,480.0,3221.0
2024-07-27 10:17:03,62480.0,27,7,2024,5,1,62980.0,62500.0,61999.0,63650.0,59949.0,61099.0,63971.0,62504.5,61645.4,4980.4252830456335,3911.18517843379,-500.0,-1170.0
2024-07-27 16:26:33,62450.0,27,7,2024,5,1,62480.0,62980.0,62500.0,59849.0,59849.0,61900.0,64342.57142857143,62690.28571428572,61663.73333333333,4711.403112207071,3836.403211915523,-30.0,2601.0
2024-07-27 18:42:17,62370.0,27,7,2024,5,1,62450.0,62480.0,62980.0,74999.0,60680.0,61499.0,62538.42857142857,62811.0,61692.76666666667,349.0376565851011,3794.6439176210706,-80.0,-12629.0
2024-07-28 03:07:07,62350.0,28,7,2024,6,1,62370.0,62450.0,62480.0,62990.0,59849.0,61099.0,62447.0,62989.642857142855,61734.46666666667,289.838460756097,3702.2184951342874,-20.0,-640.0
2024-07-28 06:46:40,60999.0,28,7,2024,6,1,62350.0,62370.0,62450.0,61999.0,59799.0,61149.0,62304.142857142855,63075.357142857145,61729.46666666667,613.3488481475565,3635.9644071868693,-1351.0,-1000.0
2024-07-28 16:02:35,61600.0,28,7,2024,6,1,60999.0,62350.0,62370.0,62500.0,63680.0,63999.0,62175.57142857143,62926.78571428572,61649.5,658.1443248870813,3651.8187287258165,601.0,-900.0
2024-07-28 17:39:41,60999.0,28,7,2024,6,1,61600.0,60999.0,62350.0,62980.0,59759.0,61099.0,61892.57142857143,63015.357142857145,61646.166666666664,680.1367159483914,3583.4749273498696,-601.0,-1981.0
2024-07-29 09:09:16,59840.0,29,7,2024,0,0,60999.0,61600.0,60999.0,62480.0,63650.0,60880.0,61515.42857142857,62743.21428571428,61611.5,970.2092312388345,3675.072582822157,-1159.0,-2640.0
2024-07-29 16:02:03,60770.0,29,7,2024,0,0,59840.0,60999.0,61600.0,62450.0,59849.0,60870.0,61275.42857142857,62809.0,61608.166666666664,906.1710392530995,3627.210943792676,930.0,-1680.0
2024-07-29 16:44:07,60760.0,29,7,2024,0,0,60770.0,59840.0,60999.0,62370.0,74999.0,60499.0,61045.42857142857,61791.92857142857,61616.86666666667,777.1910655566207,967.0252135991662,-10.0,-1610.0
2024-07-29 18:18:24,60699.0,29,7,2024,0,0,60760.0,60770.0,59840.0,62350.0,62990.0,60879.0,60809.57142857143,61628.28571428572,61610.86666666667,524.8589833288827,942.2151827208687,-61.0,-1651.0
2024-07-30 12:05:02,60640.0,30,7,2024,1,0,60699.0,60760.0,60770.0,60999.0,61999.0,59999.0,60758.28571428572,61531.21428571428,61632.23333333333,520.7880932733701,970.6604554531419,-59.0,-359.0
2024-07-30 18:20:03,63999.0,30,7,2024,1,0,60640.0,60699.0,60760.0,61600.0,62500.0,60499.0,61101.0,61638.28571428572,61748.9,1329.090917381784,1151.5635811013426,3359.0,2399.0
2024-07-31 05:10:14,60640.0,31,7,2024,2,0,63999.0,60640.0,60699.0,60999.0,62980.0,59990.0,61049.71428571428,61471.142857142855,61770.566666666666,1340.5596734555768,1110.943663817438,-3359.0,-359.0
2024-07-31 06:15:18,63990.0,31,7,2024,2,0,60640.0,63999.0,60640.0,59840.0,62480.0,59999.0,61642.57142857143,61579.0,61903.6,1607.488502513901,1277.2726351940926,3350.0,4150.0
2024-07-31 06:41:35,60640.0,31,7,2024,2,0,63990.0,60640.0,63999.0,60770.0,62450.0,59990.0,61624.0,61449.71428571428,61925.26666666667,1619.9521597874727,1273.9279914786466,-3350.0,-130.0
2024-08-01 09:55:04,63437.0,1,8,2024,3,0,60640.0,63990.0,60640.0,60760.0,62370.0,59949.0,62006.42857142857,61525.92857142857,62041.53333333333,1696.1810887149961,1362.0872255073803,2797.0,2677.0
2024-08-01 13:25:03,59999.0,1,8,2024,3,0,63437.0,60640.0,63990.0,60699.0,62350.0,59849.0,61906.42857142857,61358.0,62046.53333333333,1803.357133898068,1397.1475887019546,-3438.0,-700.0
2024-08-01 14:29:30,59998.0,1,8,2024,3,0,59999.0,63437.0,60640.0,60640.0,60999.0,60680.0,61814.71428571428,61286.5,62023.8,1892.6154490797492,1441.8317809701985,-1.0,-642.0
2024-08-02 08:19:39,59579.0,2,8,2024,4,0,59998.0,59999.0,63437.0,63999.0,61600.0,59849.0,61183.28571428572,61142.142857142855,62014.8,1776.1549964540452,1507.6970138972254,-419.0,-4420.0
2024-08-02 13:11:07,57999.0,2,8,2024,4,0,59579.0,59998.0,59999.0,60640.0,60999.0,59799.0,60806.0,60927.857142857145,61954.8,2151.6065315635105,1726.8680791067136,-1580.0,-2641.0
2024-08-02 16:09:07,57799.0,2,8,2024,4,0,57999.0,59579.0,59998.0,63990.0,59840.0,63680.0,59921.57142857143,60782.07142857143,61758.76666666667,1879.945021992497,1902.9474896465254,-200.0,-6191.0
2024-08-02 17:26:59,57697.0,2,8,2024,4,0,57799.0,57999.0,59579.0,60640.0,60770.0,59759.0,59501.142857142855,60562.57142857143,61690.03333333333,2016.6150209837335,2073.991236324791,-102.0,-2943.0
2024-08-03 06:26:10,57595.0,3,8,2024,5,1,57697.0,57799.0,57999.0,63437.0,60760.0,63650.0,58666.57142857143,60336.5,61488.2,1130.432049725987,2218.292855397615,-102.0,-5842.0
2024-08-03 09:00:07,57399.0,3,8,2024,5,1,57595.0,57697.0,57799.0,59999.0,60699.0,59849.0,58295.142857142855,60100.78571428572,61406.53333333333,1043.46512936013,2348.3274630312553,-196.0,-2600.0
2024-08-03 13:05:24,57280.0,3,8,2024,5,1,57399.0,57595.0,57697.0,59998.0,60640.0,74999.0,57906.857142857145,59860.78571428572,60815.9,775.4943431067369,2458.1109751055856,-119.0,-2718.0
2024-08-03 13:17:03,57279.0,3,8,2024,5,1,57280.0,57399.0,57595.0,59579.0,63999.0,62990.0,57578.28571428572,59380.78571428572,60625.53333333333,274.09774064854884,2233.74856303427,-1.0,-2300.0
2024-08-03 14:34:14,57249.0,3,8,2024,5,1,57279.0,57280.0,57399.0,57999.0,60640.0,61999.0,57471.142857142855,59138.57142857143,60467.2,224.29476778830175,2270.2552453681133,-30.0,-750.0
2024-08-04 03:40:30,57198.0,4,8,2024,6,1,57249.0,57279.0,57280.0,57799.0,63990.0,62500.0,57385.28571428572,58653.42857142857,60290.46666666667,190.33541821908636,1838.417660518443,-51.0,-601.0
2024-08-04 08:06:41,57098.0,4,8,2024,6,1,57198.0,57249.0,57279.0,57697.0,60640.0,62980.0,57299.71428571428,58400.42857142857,60094.4,158.88959928820296,1787.002204565377,-100.0,-599.0
2024-08-04 12:05:08,56850.0,4,8,2024,6,1,57098.0,57198.0,57249.0,57595.0,63437.0,62480.0,57193.28571428572,57929.92857142857,59906.73333333333,176.65193110170858,1090.2185006325897,-248.0,-745.0
2024-08-04 13:09:34,56849.0,4,8,2024,6,1,56850.0,57098.0,57198.0,57399.0,59999.0,62450.0,57114.71428571428,57704.92857142857,59720.03333333333,191.58785129010832,945.8448778566972,-1.0,-550.0
2024-08-04 15:13:05,56799.0,4,8,2024,6,1,56849.0,56850.0,57098.0,57280.0,59998.0,62370.0,57046.0,57476.42857142857,59534.333333333336,207.98237104793571,705.0178082083128,-50.0,-481.0
2024-08-05 07:19:25,56749.0,5,8,2024,0,0,56799.0,56849.0,56850.0,57279.0,59579.0,62350.0,56970.28571428572,57274.28571428572,59347.63333333333,205.4796942813517,392.0295178400586,-50.0,-530.0
2024-08-05 08:17:55,56748.0,5,8,2024,0,0,56749.0,56799.0,56849.0,57249.0,57999.0,60999.0,56898.71428571428,57184.92857142857,59205.933333333334,177.57788365096582,354.9553524016485,-1.0,-501.0
2024-08-05 15:39:43,56680.0,5,8,2024,0,0,56748.0,56749.0,56799.0,57198.0,57799.0,61600.0,56824.71428571428,57105.0,59041.933333333334,134.86748346168358,331.2380041381129,-68.0,-518.0
2024-08-05 18:19:51,56719.0,5,8,2024,0,0,56680.0,56748.0,56749.0,57098.0,57697.0,60999.0,56770.57142857143,57035.142857142855,58899.26666666667,64.68605502219124,298.2711355972328,39.0,-379.0
2024-08-05 20:34:51,56680.0,5,8,2024,0,0,56719.0,56680.0,56748.0,56850.0,57595.0,59840.0,56746.28571428572,56969.78571428572,58793.933333333334,61.74062489117218,264.4934719498684,-39.0,-170.0
2024-08-05 21:43:30,56715.0,5,8,2024,0,0,56680.0,56719.0,56680.0,56849.0,57399.0,60770.0,56727.142857142855,56920.92857142857,58658.76666666667,42.298260687528156,241.26444613294524,35.0,-134.0
2024-08-06 06:08:49,56550.0,6,8,2024,1,0,56715.0,56680.0,56719.0,56799.0,57280.0,60760.0,56691.57142857143,56868.78571428572,58518.433333333334,68.42722933403223,236.52977648838174,-165.0,-249.0
2024-08-06 07:17:07,56700.0,6,8,2024,1,0,56550.0,56715.0,56680.0,56749.0,57279.0,60699.0,56684.57142857143,56827.42857142857,58385.13333333333,63.931883394219845,208.21021710354793,150.0,-49.0
2024-08-06 08:03:02,57198.0,6,8,2024,1,0,56700.0,56550.0,56715.0,56748.0,57249.0,60640.0,56748.857142857145,56823.78571428572,58270.4,206.22837548986823,200.57309374609108,498.0,450.0
2024-08-06 08:58:49,57197.0,6,8,2024,1,0,57198.0,56700.0,56550.0,56680.0,57198.0,63999.0,56822.71428571428,56823.71428571428,58043.666666666664,262.3888426780999,200.4297032250415,-1.0,517.0
2024-08-06 11:34:15,57499.0,6,8,2024,1,0,57197.0,57198.0,56700.0,56719.0,57098.0,60640.0,56934.142857142855,56852.357142857145,57938.96666666667,358.88225950933315,261.87625003134644,302.0,780.0
2024-08-06 12:26:46,57589.0,6,8,2024,1,0,57499.0,57197.0,57198.0,56680.0,56850.0,63990.0,57064.0,56905.142857142855,57725.6,412.10597342598857,327.5970454333028,90.0,909.0
2024-08-06 13:29:30,57900.0,6,8,2024,1,0,57589.0,57499.0,57197.0,56715.0,56849.0,60640.0,57233.28571428572,56980.21428571428,57634.26666666667,482.2653883101647,420.8824390175078,311.0,1185.0
2024-08-06 15:59:13,58790.0,6,8,2024,1,0,57900.0,57589.0,57499.0,56550.0,56799.0,63437.0,57553.28571428572,57122.42857142857,57479.36666666667,662.7165593942026,636.2258566422208,890.0,2240.0
2024-08-06 16:21:12,58799.0,6,8,2024,1,0,58790.0,57900.0,57589.0,56700.0,56749.0,59999.0,57853.142857142855,57268.857142857145,57439.36666666667,686.7152317546668,766.2821188798945,9.0,2099.0
2024-08-06 17:49:17,58649.0,6,8,2024,1,0,58799.0,58790.0,57900.0,57198.0,56748.0,59998.0,58060.42857142857,57404.642857142855,57394.4,674.8915609545584,832.4579552466961,-150.0,1451.0
2024-08-06 19:13:07,58648.0,6,8,2024,1,0,58649.0,58799.0,58790.0,57197.0,56680.0,59579.0,58267.71428571428,57545.21428571428,57363.36666666667,581.9266031284704,866.1589105022869,-1.0,1451.0
2024-08-06 21:36:58,58649.0,6,8,2024,1,0,58648.0,58649.0,58799.0,57499.0,56719.0,57999.0,58432.0,57683.07142857143,57385.03333333333,482.5902333589116,878.0509416000269,1.0,1150.0
2024-08-07 01:28:35,58700.0,7,8,2024,2,0,58649.0,58648.0,58649.0,57589.0,56680.0,57799.0,58590.71428571428,57827.357142857145,57415.066666666666,311.502656107432,866.4334150054964,51.0,1111.0
2024-08-07 08:25:48,56700.0,7,8,2024,2,0,58700.0,58649.0,58648.0,57900.0,56715.0,57697.0,58419.28571428572,57826.28571428572,57381.833333333336,760.9427736446286,867.9227569828068,-2000.0,-1200.0
2024-08-07 10:50:41,56998.0,7,8,2024,2,0,56700.0,58700.0,58649.0,58790.0,56550.0,57595.0,58163.28571428572,57858.28571428572,57361.933333333334,903.5186244687894,824.4151706677253,298.0,-1792.0
2024-08-07 17:09:27,57399.0,7,8,2024,2,0,56998.0,56700.0,58700.0,58799.0,56700.0,57399.0,57963.28571428572,57908.21428571428,57361.933333333334,894.2478616666084,768.1146928157261,401.0,-1400.0
2024-08-07 19:14:00,57480.0,7,8,2024,2,0,57399.0,56998.0,56700.0,58649.0,57198.0,57280.0,57796.28571428572,57928.357142857145,57368.6,853.054651294568,751.5770708365891,81.0,-1169.0
2024-08-08 07:22:22,57170.0,8,8,2024,3,0,57480.0,57399.0,56998.0,58648.0,57197.0,57279.0,57585.142857142855,57926.42857142857,57364.96666666667,787.5024716514841,753.6299555423894,-310.0,-1478.0
2024-08-08 15:32:33,56650.0,8,8,2024,3,0,57170.0,57480.0,57399.0,58649.0,57499.0,57249.0,57299.57142857143,57865.78571428572,57345.0,694.3586626384089,821.749744665529,-520.0,-1999.0
2024-08-08 17:20:12,56599.0,8,8,2024,3,0,56650.0,57170.0,57480.0,58700.0,57589.0,57198.0,56999.42857142857,57795.07142857143,57325.03333333333,363.2730181479589,887.376120436878,-51.0,-2101.0
2024-08-09 10:53:20,56530.0,9,8,2024,4,0,56599.0,56650.0,57170.0,56700.0,57900.0,57098.0,56975.142857142855,57697.21428571428,57306.1,391.2332759243746,948.3590831273692,-69.0,-170.0
2024-08-09 11:46:35,56500.0,9,8,2024,4,0,56530.0,56599.0,56650.0,56998.0,58790.0,56850.0,56904.0,57533.642857142855,57294.433333333334,429.7654399010861,942.8503109147056,-30.0,-498.0
2024-08-09 12:13:02,56450.0,9,8,2024,4,0,56500.0,56530.0,56599.0,57399.0,58799.0,56849.0,56768.42857142857,57365.857142857145,57281.13333333333,395.9426966716998,908.74349915337,-50.0,-949.0
2024-08-10 08:44:18,55999.0,10,8,2024,5,1,56450.0,56500.0,56530.0,57480.0,58649.0,56799.0,56556.857142857145,57176.57142857143,57254.46666666667,344.7155487120442,896.8246303392874,-451.0,-1481.0
2024-08-10 12:37:19,57399.0,10,8,2024,5,1,55999.0,56450.0,56500.0,57170.0,58648.0,56749.0,56589.57142857143,57087.357142857145,57276.13333333333,416.08126495632587,795.6019111966053,1400.0,229.0
2024-08-10 16:36:05,57199.0,10,8,2024,5,1,57399.0,55999.0,56450.0,56650.0,58649.0,56748.0,56668.0,56983.78571428572,57291.166666666664,476.69626947708724,659.389482029998,-200.0,549.0
2024-08-10 19:18:23,56920.0,10,8,2024,5,1,57199.0,57399.0,55999.0,56599.0,58700.0,56680.0,56713.857142857145,56856.642857142855,57299.166666666664,484.330957291102,437.1842785455647,-279.0,321.0
2024-08-10 21:18:56,56850.0,10,8,2024,5,1,56920.0,57199.0,57399.0,56530.0,56700.0,56719.0,56759.57142857143,56867.357142857145,57303.53333333333,479.1592835870539,434.88205423966696,-70.0,320.0
2024-08-11 06:23:12,56799.0,11,8,2024,6,1,56850.0,56920.0,57199.0,56500.0,56998.0,56680.0,56802.28571428572,56853.142857142855,57307.5,465.2897714635602,433.53357729035883,-51.0,299.0
2024-08-11 08:30:07,56998.0,11,8,2024,6,1,56799.0,56850.0,56920.0,56450.0,57399.0,56715.0,56880.57142857143,56824.5,57316.933333333334,441.6381841670041,407.13874973929586,199.0,548.0
2024-08-11 12:49:01,57199.0,11,8,2024,6,1,56998.0,56799.0,56850.0,55999.0,57480.0,56550.0,57052.0,56804.42857142857,57338.566666666666,219.38550544657346,378.2383689382673,201.0,1200.0
2024-08-11 14:25:07,57099.0,11,8,2024,6,1,57199.0,56998.0,56799.0,57399.0,57170.0,56700.0,57009.142857142855,56799.357142857145,57351.86666666667,162.133102286948,373.4048343694652,-100.0,-300.0
2024-08-11 14:56:16,57190.0,11,8,2024,6,1,57099.0,57199.0,56998.0,57199.0,56650.0,57198.0,57007.857142857145,56837.92857142857,57351.6,160.40306374003586,384.51477200612754,91.0,-9.0
2024-08-11 15:55:07,57099.0,11,8,2024,6,1,57190.0,57099.0,57199.0,56920.0,56599.0,57197.0,57033.42857142857,56873.642857142855,57348.333333333336,158.31704176851594,383.83542289494784,-91.0,179.0
2024-08-12 08:20:50,57299.0,12,8,2024,0,0,57099.0,57190.0,57099.0,56850.0,56530.0,57499.0,57097.57142857143,56928.57142857143,57341.666666666664,162.51549376701524,385.8939101500793,200.0,449.0
2024-08-13 05:20:09,56499.0,13,8,2024,1,0,57299.0,57099.0,57190.0,56799.0,56500.0,57589.0,57054.71428571428,56928.5,57305.333333333336,262.9174232123475,385.9794235259478,-800.0,-300.0
2024-08-13 07:38:11,56730.0,13,8,2024,1,0,56499.0,57299.0,57099.0,56998.0,56450.0,57900.0,57016.42857142857,56948.5,57266.333333333336,290.60732793180966,366.0161303728481,231.0,-268.0
2024-08-13 12:39:14,56670.0,13,8,2024,1,0,56730.0,56499.0,57299.0,57199.0,55999.0,58790.0,56940.857142857145,56996.42857142857,57195.666666666664,303.7045870422772,260.9794316360315,-60.0,-529.0
2024-08-13 17:04:29,56087.0,13,8,2024,1,0,56670.0,56730.0,56499.0,57099.0,57399.0,58799.0,56796.28571428572,56902.71428571428,57105.26666666667,430.3439377543761,331.3697513182516,-583.0,-1012.0
2024-08-13 17:56:18,55899.0,13,8,2024,1,0,56087.0,56670.0,56730.0,57190.0,57199.0,58649.0,56611.857142857145,56809.857142857145,57013.6,503.8499871229913,413.839407193018,-188.0,-1291.0
2024-08-13 20:04:21,55787.0,13,8,2024,1,0,55899.0,56087.0,56670.0,57099.0,56920.0,58648.0,56424.42857142857,56728.92857142857,56918.23333333333,535.4692201371669,493.7169017986906,-112.0,-1312.0
2024-08-14 03:33:50,55765.0,14,8,2024,2,0,55787.0,55899.0,56087.0,57299.0,56850.0,58649.0,56205.28571428572,56651.42857142857,56822.1,419.1597604278282,554.6478736433484,-22.0,-1534.0
2024-08-14 04:13:12,55687.0,14,8,2024,2,0,55765.0,55787.0,55899.0,56499.0,56799.0,58700.0,56089.28571428572,56572.0,56721.666666666664,436.3350067267614,608.8618638341529,-78.0,-812.0
2024-08-14 10:23:11,55498.0,14,8,2024,2,0,55687.0,55765.0,55787.0,56730.0,56998.0,56700.0,55913.28571428572,56464.857142857145,56681.6,379.60537153106145,658.1180461271359,-189.0,-1232.0
2024-08-14 12:18:19,55398.0,14,8,2024,2,0,55498.0,55687.0,55765.0,56670.0,57199.0,56998.0,55731.57142857143,56336.21428571428,56628.26666666667,233.22511095707694,679.257759908894,-100.0,-1272.0
2024-08-14 16:07:14,55298.0,14,8,2024,2,0,55398.0,55498.0,55687.0,56087.0,57099.0,57399.0,55618.857142857145,56207.57142857143,56558.23333333333,223.26623014641547,694.0652501238072,-100.0,-789.0
2024-08-14 16:31:12,55488.0,14,8,2024,2,0,55298.0,55398.0,55498.0,55899.0,57190.0,57480.0,55560.142857142855,56086.0,56491.833333333336,188.67911787950814,656.8074299220883,190.0,-411.0
2024-08-15 08:29:38,56180.0,15,8,2024,3,0,55488.0,55298.0,55398.0,55787.0,57099.0,57170.0,55616.28571428572,56020.357142857145,56458.833333333336,295.60486818593023,590.3381830193039,692.0,393.0
2024-08-15 14:39:33,56999.0,15,8,2024,3,0,56180.0,55488.0,55298.0,55765.0,57299.0,56650.0,55792.57142857143,55998.92857142857,56470.46666666667,605.0536772724757,543.9792790583291,819.0,1234.0
2024-08-15 15:09:15,57399.0,15,8,2024,3,0,56999.0,56180.0,55488.0,55687.0,56499.0,56599.0,56037.142857142855,56063.21428571428,56497.13333333333,851.205112095286,650.3931566695779,400.0,1712.0
2024-08-15 16:39:19,56999.0,15,8,2024,3,0,57399.0,56999.0,56180.0,55498.0,56730.0,56530.0,56251.57142857143,56082.42857142857,56512.76666666667,881.2810480852879,675.1107845601564,-400.0,1501.0
2024-08-15 17:12:23,57399.0,15,8,2024,3,0,56999.0,57399.0,56999.0,55398.0,56670.0,56500.0,56537.42857142857,56134.5,56542.73333333333,882.7934558628754,748.086250683966,400.0,2001.0
2024-08-15 17:51:23,57390.0,15,8,2024,3,0,57399.0,56999.0,57399.0,55298.0,56087.0,56450.0,56836.28571428572,56227.57142857143,56574.066666666666,735.0092322063837,819.379757386058,-9.0,2092.0
2024-08-16 06:46:53,57280.0,16,8,2024,4,0,57390.0,57399.0,56999.0,55488.0,55899.0,55999.0,57092.28571428572,56326.21428571428,56616.76666666667,440.016558130065,858.9529564065325,-110.0,1792.0
2024-08-16 12:18:50,57199.0,16,8,2024,4,0,57280.0,57390.0,57399.0,56180.0,55787.0,57399.0,57237.857142857145,56427.07142857143,56610.1,179.1055820567101,873.5425192673035,-81.0,1019.0
2024-08-16 15:37:03,57499.0,16,8,2024,4,0,57199.0,57280.0,57390.0,56999.0,55765.0,57199.0,57309.28571428572,56550.92857142857,56620.1,167.2829083577822,895.1114639908595,300.0,500.0
2024-08-17 05:00:02,57450.0,17,8,2024,5,1,57499.0,57199.0,57280.0,57399.0,55687.0,56920.0,57316.57142857143,56676.857142857145,56637.76666666667,172.85914992950956,888.2075170856258,-49.0,51.0
2024-08-17 10:02:17,57499.0,17,8,2024,5,1,57450.0,57499.0,57199.0,56999.0,55498.0,56850.0,57388.0,56819.78571428572,56659.4,112.54332499117517,843.8044960020871,49.0,500.0
2024-08-17 10:20:37,57450.0,17,8,2024,5,1,57499.0,57450.0,57499.0,57399.0,55398.0,56799.0,57395.28571428572,56966.357142857145,56681.1,114.99813663116858,750.9485905939797,-49.0,51.0
2024-08-17 11:02:20,57499.0,17,8,2024,5,1,57450.0,57499.0,57450.0,57390.0,55298.0,56998.0,57410.857142857145,57123.57142857143,56697.8,121.36642667508697,587.3849104018772,49.0,109.0
2024-08-17 13:25:12,57489.0,17,8,2024,5,1,57499.0,57450.0,57499.0,57280.0,55488.0,57199.0,57440.71428571428,57266.5,56707.46666666667,108.87410816462143,357.09484842267096,-10.0,209.0
2024-08-17 15:48:52,57999.0,17,8,2024,5,1,57489.0,57499.0,57450.0,57199.0,56180.0,57099.0,57555.0,57396.42857142857,56737.46666666667,197.04060495256724,244.54847381394185,510.0,800.0
2024-08-17 18:16:40,58888.0,17,8,2024,5,1,57999.0,57489.0,57499.0,57499.0,56999.0,57190.0,57753.42857142857,57531.357142857145,56794.066666666666,537.1352583049883,446.3016584446409,889.0,1389.0
2024-08-18 11:28:29,57799.0,18,8,2024,6,1,58888.0,57999.0,57489.0,57450.0,57399.0,57099.0,57803.28571428572,57559.92857142857,56817.4,520.2072389237328,449.96520622593937,-1089.0,349.0
2024-08-19 05:14:39,57749.0,19,8,2024,0,0,57799.0,58888.0,57999.0,57499.0,56999.0,57299.0,57839.0,57613.5,56832.4,504.1696143165345,421.8112501700177,-50.0,250.0
2024-08-19 13:22:40,57350.0,19,8,2024,0,0,57749.0,57799.0,58888.0,57450.0,57399.0,56499.0,57824.71428571428,57610.0,56860.76666666667,518.2492046258445,423.92597321937404,-399.0,-100.0
2024-08-19 15:18:42,57300.0,19,8,2024,0,0,57350.0,57749.0,57799.0,57499.0,57390.0,56730.0,57796.28571428572,57603.57142857143,56879.76666666667,543.9165727345685,428.17981741870915,-50.0,-199.0
2024-08-20 03:17:00,57099.0,20,8,2024,1,0,57300.0,57350.0,57749.0,57489.0,57280.0,56670.0,57740.57142857143,57590.642857142855,56894.066666666666,597.9305581595838,441.23491164402554,-201.0,-390.0
2024-08-20 05:46:05,57000.0,20,8,2024,1,0,57099.0,57300.0,57350.0,57999.0,57199.0,56087.0,57597.857142857145,57576.42857142857,56924.5,643.4561442117747,457.71955039516456,-99.0,-999.0
2024-08-20 12:09:02,57090.0,20,8,2024,1,0,57000.0,57099.0,57300.0,58888.0,57499.0,55899.0,57341.0,57547.21428571428,56964.2,320.37374008086476,475.73929165787865,90.0,-1798.0
2024-08-20 12:23:42,57089.0,20,8,2024,1,0,57090.0,57000.0,57099.0,57799.0,57450.0,55787.0,57239.57142857143,57521.42857142857,57007.6,257.4107334870712,490.9538148873233,-1.0,-710.0
2024-08-20 18:26:02,56899.0,20,8,2024,1,0,57089.0,57090.0,57000.0,57749.0,57499.0,55765.0,57118.142857142855,57478.57142857143,57045.4,158.5448712211785,518.478797770009,-190.0,-850.0
2024-08-21 03:42:25,56890.0,21,8,2024,2,0,56899.0,57089.0,57090.0,57350.0,57450.0,55687.0,57052.42857142857,57438.57142857143,57085.5,140.76085765468017,541.9241664648061,-9.0,-460.0
2024-08-21 06:38:32,56859.0,21,8,2024,2,0,56890.0,56899.0,57089.0,57300.0,57499.0,55498.0,56989.42857142857,57392.857142857145,57130.86666666667,105.84714945466915,563.017810504988,-31.0,-441.0
2024-08-21 07:46:58,56299.0,21,8,2024,2,0,56859.0,56890.0,56899.0,57099.0,57489.0,55398.0,56875.142857142855,57307.857142857145,57160.9,270.9485981827527,632.8803334630475,-560.0,-800.0
2024-08-21 14:55:24,56856.0,21,8,2024,2,0,56299.0,56859.0,56890.0,57000.0,57999.0,55298.0,56854.57142857143,57226.21428571428,57212.833333333336,265.2965995152234,610.1807019332683,557.0,-144.0
2024-08-21 17:47:31,56850.0,21,8,2024,2,0,56856.0,56299.0,56859.0,57090.0,58888.0,55488.0,56820.28571428572,57080.642857142855,57258.23333333333,244.49247724342212,384.65741144117067,-6.0,-240.0
2024-08-22 01:26:39,56790.0,22,8,2024,3,0,56850.0,56856.0,56299.0,57089.0,57799.0,56180.0,56777.57142857143,57008.57142857143,57278.566666666666,213.93056283368605,330.4092367611218,-60.0,-299.0
2024-08-22 07:11:36,56650.0,22,8,2024,3,0,56790.0,56850.0,56856.0,56899.0,57749.0,56999.0,56742.0,56930.07142857143,57266.933333333334,211.0568643755769,265.05165368600916,-140.0,-249.0
2024-08-22 07:50:40,56699.0,22,8,2024,3,0,56650.0,56790.0,56850.0,56890.0,57350.0,57399.0,56714.71428571428,56883.57142857143,57243.6,200.8330270696392,241.79829938035178,49.0,-191.0
2024-08-22 12:47:33,56645.0,22,8,2024,3,0,56699.0,56650.0,56790.0,56859.0,57300.0,56999.0,56684.142857142855,56836.78571428572,57231.8,191.2689455292149,217.13561114471682,-54.0,-214.0
2024-08-22 17:23:35,56499.0,22,8,2024,3,0,56645.0,56699.0,56650.0,56299.0,57099.0,57399.0,56712.71428571428,56793.92857142857,57201.8,128.92596620523938,220.58504876143058,-146.0,200.0
2024-08-23 06:52:25,56459.0,23,8,2024,4,0,56499.0,56645.0,56699.0,56856.0,57000.0,57390.0,56656.0,56755.28571428572,57170.76666666667,142.0422472366821,228.93681646884053,-40.0,-397.0
2024-08-23 13:17:42,56858.0,23,8,2024,4,0,56459.0,56499.0,56645.0,56850.0,57090.0,57280.0,56657.142857142855,56738.71428571428,57156.7,143.8835507989814,210.49919735888514,399.0,8.0
2024-08-24 03:00:44,56780.0,24,8,2024,5,1,56858.0,56459.0,56499.0,56790.0,57089.0,57199.0,56655.71428571428,56716.642857142855,57142.73333333333,142.38646270608584,185.68236200906074,-78.0,-10.0
2024-08-24 05:40:19,56719.0,24,8,2024,5,1,56780.0,56858.0,56459.0,56650.0,56899.0,57499.0,56665.57142857143,56703.78571428572,57116.73333333333,144.3004471499188,178.16378747001372,-61.0,69.0
2024-08-24 06:39:26,56715.0,24,8,2024,5,1,56719.0,56780.0,56858.0,56699.0,56890.0,57450.0,56667.857142857145,56691.28571428572,57092.23333333333,145.04301496633283,170.04815090791016,-4.0,16.0
2024-08-24 15:35:43,57798.0,24,8,2024,5,1,56715.0,56719.0,56780.0,56645.0,56859.0,57499.0,56832.57142857143,56758.357142857145,57102.2,449.63127750896683,340.77075694964094,1083.0,1153.0
2024-08-24 19:03:33,57698.0,24,8,2024,5,1,57798.0,56715.0,56719.0,56499.0,56299.0,57450.0,57003.857142857145,56858.28571428572,57110.46666666667,523.6625594698835,396.30416224385806,-100.0,1199.0
2024-08-24 20:24:52,57598.0,24,8,2024,5,1,57698.0,57798.0,56715.0,56459.0,56856.0,57499.0,57166.57142857143,56911.28571428572,57113.76666666667,502.68275520554505,442.85671038709586,-100.0,1139.0
2024-08-25 04:18:13,57498.0,25,8,2024,6,1,57598.0,57698.0,57798.0,56858.0,56850.0,57489.0,57258.0,56957.57142857143,57114.066666666666,495.35408211375295,469.04743310917496,-100.0,640.0
2024-08-25 04:49:54,57499.0,25,8,2024,6,1,57498.0,57598.0,57698.0,56780.0,56790.0,57999.0,57360.71428571428,57008.21428571428,57097.4,452.4008968035652,487.4762603413759,1.0,719.0
2024-08-25 07:54:24,57498.0,25,8,2024,6,1,57499.0,57498.0,57598.0,56719.0,56650.0,58888.0,57472.0,57068.78571428572,57051.066666666666,353.1661554190021,492.2037068245162,-1.0,779.0
2024-08-25 13:08:46,57398.0,25,8,2024,6,1,57498.0,57499.0,57498.0,56715.0,56699.0,57799.0,57569.57142857143,57118.71428571428,57037.7,137.92734457338094,487.2354396256252,-100.0,683.0
2024-08-25 14:51:09,57390.0,25,8,2024,6,1,57398.0,57498.0,57499.0,57798.0,56645.0,57749.0,57511.28571428572,57171.92857142857,57025.73333333333,108.34314973889964,471.96193853887326,-8.0,-408.0
2024-08-25 16:39:55,57349.0,25,8,2024,6,1,57390.0,57398.0,57498.0,57698.0,56499.0,57350.0,57461.42857142857,57232.642857142855,57025.7,86.12366524010305,431.69070251530695,-41.0,-349.0
2024-08-26 12:51:49,57390.0,26,8,2024,0,0,57349.0,57390.0,57398.0,57598.0,56459.0,57300.0,57431.71428571428,57299.142857142855,57028.7,64.25655423383695,370.75450246719055,41.0,-208.0
2024-08-26 16:27:30,57189.0,26,8,2024,0,0,57390.0,57349.0,57390.0,57498.0,56858.0,57099.0,57387.57142857143,57322.78571428572,57031.7,104.60219427773502,350.45732288771865,-201.0,-309.0
2024-08-26 19:43:01,57149.0,26,8,2024,0,0,57189.0,57390.0,57349.0,57499.0,56780.0,57000.0,57337.57142857143,57349.142857142855,57036.666666666664,124.26431123904177,318.9554724524781,-40.0,-350.0
2024-08-27 06:54:29,57000.0,27,8,2024,1,0,57149.0,57189.0,57390.0,57498.0,56719.0,57090.0,57266.42857142857,57369.21428571428,57033.666666666664,155.69078022705338,283.0743796184906,-149.0,-498.0
2024-08-27 11:08:11,56949.0,27,8,2024,1,0,57000.0,57149.0,57189.0,57398.0,56715.0,57089.0,57202.28571428572,57385.92857142857,57029.0,182.61408697576013,245.9482322925311,-51.0,-449.0
2024-08-27 15:27:32,56899.0,27,8,2024,1,0,56949.0,57000.0,57149.0,57390.0,57798.0,56899.0,57132.142857142855,57321.71428571428,57029.0,192.52396263986944,247.43994720602143,-50.0,-491.0
2024-08-27 16:53:23,57299.0,27,8,2024,1,0,56899.0,56949.0,57000.0,57349.0,57698.0,56890.0,57125.0,57293.21428571428,57042.63333333333,183.87042539085644,222.48567061086507,400.0,-50.0
2024-08-27 17:20:36,57298.0,27,8,2024,1,0,57299.0,56899.0,56949.0,57390.0,57598.0,56859.0,57111.857142857145,57271.78571428572,57057.26666666667,163.98417461416798,204.60061605162863,-1.0,-92.0
2024-08-27 18:41:37,57299.0,27,8,2024,1,0,57298.0,57299.0,56899.0,57189.0,57498.0,56299.0,57127.57142857143,57257.57142857143,57090.6,177.33570531913014,194.33069130534213,1.0,110.0
2024-08-27 19:58:33,57587.0,27,8,2024,1,0,57299.0,57298.0,57299.0,57149.0,57499.0,56856.0,57190.142857142855,57263.857142857145,57114.96666666667,248.96347025998026,203.92678065650497,288.0,438.0
2024-08-28 05:42:28,57249.0,28,8,2024,2,0,57587.0,57299.0,57298.0,57000.0,57498.0,56850.0,57225.71428571428,57246.07142857143,57128.26666666667,234.64491917644725,192.47156205163722,-338.0,249.0
2024-08-28 09:50:46,57199.0,28,8,2024,2,0,57249.0,57587.0,57299.0,56949.0,57398.0,56790.0,57261.42857142857,57231.857142857145,57141.9,202.30493250133551,187.67683236720745,-50.0,250.0
2024-08-28 11:40:48,56650.0,28,8,2024,2,0,57199.0,57249.0,57587.0,56899.0,57390.0,56650.0,57225.857142857145,57179.0,57141.9,282.60598517587187,237.34557732917716,-549.0,-249.0
2024-08-28 16:48:08,57249.0,28,8,2024,2,0,56650.0,57199.0,57249.0,57299.0,57349.0,56699.0,57218.71428571428,57171.857142857145,57160.23333333333,281.0769255832289,233.3062883349305,599.0,-50.0
2024-08-28 18:20:59,57899.0,28,8,2024,2,0,57249.0,56650.0,57199.0,57298.0,57390.0,56645.0,57304.57142857143,57208.21428571428,57202.03333333333,382.73744575235605,300.0331208836279,650.0,601.0
2024-08-29 06:25:02,57849.0,29,8,2024,3,0,57899.0,57249.0,56650.0,57299.0,57189.0,56499.0,57383.142857142855,57255.357142857145,57247.03333333333,434.37404333580616,345.2291562577886,-50.0,550.0
2024-08-29 13:52:52,57787.0,29,8,2024,3,0,57849.0,57899.0,57249.0,57587.0,57149.0,56459.0,57411.71428571428,57300.92857142857,57291.3,456.0543513975713,371.23897845144353,-62.0,200.0
2024-08-29 14:54:28,57799.0,29,8,2024,3,0,57787.0,57849.0,57899.0,57249.0,57000.0,56858.0,57490.28571428572,57358.0,57322.666666666664,470.49857041440066,382.65831314133715,12.0,550.0
2024-08-29 14:57:33,57750.0,29,8,2024,3,0,57799.0,57787.0,57849.0,57199.0,56949.0,56780.0,57569.0,57415.21428571428,57355.0,459.6096169577959,376.6359553440543,-49.0,551.0
2024-08-29 16:01:49,57699.0,29,8,2024,3,0,57750.0,57799.0,57787.0,56650.0,56899.0,56719.0,57718.857142857145,57472.357142857145,57387.666666666664,217.01952951421393,352.18583537408887,-51.0,1049.0
2024-08-29 17:17:07,57690.0,29,8,2024,3,0,57699.0,57750.0,57799.0,57249.0,57299.0,56715.0,57781.857142857145,57500.28571428572,57420.166666666664,76.23303870745129,352.88360002359906,-9.0,441.0
2024-08-29 18:58:52,57699.0,29,8,2024,3,0,57690.0,57699.0,57750.0,57899.0,57298.0,57798.0,57753.28571428572,57528.92857142857,57416.86666666667,60.960955498854915,351.4728273315404,9.0,-200.0
2024-08-30 02:07:49,57690.0,30,8,2024,4,0,57699.0,57690.0,57699.0,57849.0,57299.0,57698.0,57730.57142857143,57556.857142857145,57416.6,47.486338888647325,347.3069706598306,-9.0,-159.0
2024-08-30 05:14:32,57640.0,30,8,2024,4,0,57690.0,57699.0,57690.0,57787.0,57587.0,57598.0,57709.57142857143,57560.642857142855,57418.0,50.76369156244828,347.94906947113856,-50.0,-147.0
2024-08-30 08:19:18,57650.0,30,8,2024,4,0,57640.0,57690.0,57699.0,57799.0,57249.0,57498.0,57688.28571428572,57589.28571428572,57423.066666666666,36.15113776908914,336.64279827013655,10.0,-149.0
2024-08-30 19:01:32,57799.0,30,8,2024,4,0,57650.0,57640.0,57690.0,57750.0,57199.0,57499.0,57695.28571428572,57632.142857142855,57433.066666666666,51.55487137021824,320.9615019204907,149.0,49.0
2024-08-30 20:41:54,57640.0,30,8,2024,4,0,57799.0,57650.0,57640.0,57699.0,56650.0,57498.0,57686.857142857145,57702.857142857145,57437.8,55.51705014892067,153.08663065168034,-159.0,-59.0
2024-08-31 05:22:12,57799.0,31,8,2024,5,1,57640.0,57799.0,57650.0,57690.0,57249.0,57398.0,57702.42857142857,57742.142857142855,57451.166666666664,69.95440692132378,81.48228419802756,159.0,109.0
2024-08-31 06:40:17,57740.0,31,8,2024,5,1,57799.0,57640.0,57799.0,57699.0,57899.0,57390.0,57708.28571428572,57730.78571428572,57462.833333333336,71.32254035015816,67.88358652463394,-59.0,41.0
2024-08-31 09:02:32,57699.0,31,8,2024,5,1,57740.0,57799.0,57640.0,57690.0,57849.0,57349.0,57709.57142857143,57720.07142857143,57474.5,71.01844160296848,59.05338431088353,-41.0,9.0
2024-08-31 14:54:28,57638.0,31,8,2024,5,1,57699.0,57740.0,57799.0,57640.0,57787.0,57390.0,57709.28571428572,57709.42857142857,57482.76666666667,71.3482405435942,59.488478898407905,-61.0,-2.0
2024-08-31 18:21:48,57508.0,31,8,2024,5,1,57638.0,57699.0,57740.0,57650.0,57799.0,57189.0,57689.0,57688.642857142855,57493.4,103.81393612337644,74.68251483945978,-130.0,-142.0
2024-08-31 20:28:09,57450.0,31,8,2024,5,1,57508.0,57638.0,57699.0,57799.0,57750.0,57149.0,57639.142857142855,57667.21428571428,57503.433333333334,124.01939172526399,95.7819467303226,-58.0,-349.0
2024-09-01 11:46:32,57398.0,1,9,2024,6,1,57450.0,57508.0,57638.0,57640.0,57699.0,57000.0,57604.57142857143,57645.71428571428,57516.7,153.87641918451084,119.05359399248768,-52.0,-242.0
2024-09-01 13:36:02,57299.0,1,9,2024,6,1,57398.0,57450.0,57508.0,57799.0,57690.0,56949.0,57533.142857142855,57617.78571428572,57528.36666666667,164.27865409288816,149.76606300208502,-99.0,-500.0
2024-09-01 14:48:28,57298.0,1,9,2024,6,1,57299.0,57398.0,57450.0,57740.0,57699.0,56899.0,57470.0,57589.142857142855,57541.666666666664,156.26793230461917,170.0157717334916,-1.0,-442.0
2024-09-01 16:04:59,57199.0,1,9,2024,6,1,57298.0,57299.0,57398.0,57699.0,57690.0,57299.0,57398.57142857143,57554.07142857143,57538.333333333336,148.2136488801899,196.23159954531874,-99.0,-500.0
2024-09-01 18:16:48,57298.0,1,9,2024,6,1,57199.0,57298.0,57299.0,57638.0,57640.0,57298.0,57350.0,57529.642857142855,57538.333333333336,106.51916885437885,205.76745917059384,99.0,-340.0
2024-09-01 19:51:44,57199.0,1,9,2024,6,1,57298.0,57199.0,57298.0,57508.0,57650.0,57299.0,57305.857142857145,57497.42857142857,57535.0,93.34064597253607,220.26791878240533,-99.0,-309.0
2024-09-01 20:44:05,57298.0,1,9,2024,6,1,57199.0,57298.0,57199.0,57450.0,57799.0,57587.0,57284.142857142855,57461.642857142855,57525.36666666667,68.62805201886036,207.85187297611543,99.0,-152.0
2024-09-01 21:46:43,57199.0,1,9,2024,6,1,57298.0,57199.0,57298.0,57398.0,57640.0,57249.0,57255.71428571428,57430.142857142855,57523.7,53.05253461113011,212.11566407466222,-99.0,-199.0
2024-09-02 05:48:15,57298.0,2,9,2024,0,0,57199.0,57298.0,57199.0,57299.0,57799.0,57199.0,57255.57142857143,57394.357142857145,57527.0,52.91772589954548,185.7184002101203,99.0,-1.0
2024-09-02 06:26:50,57290.0,2,9,2024,0,0,57298.0,57199.0,57298.0,57298.0,57740.0,56650.0,57254.42857142857,57362.21428571428,57548.333333333336,51.925771196770974,158.1976264416549,-8.0,-8.0
2024-09-02 07:07:55,57499.0,2,9,2024,0,0,57290.0,57298.0,57199.0,57199.0,57699.0,57249.0,57297.28571428572,57347.92857142857,57556.666666666664,100.05284318131486,132.36689354321155,209.0,300.0
2024-09-02 09:34:47,57999.0,2,9,2024,0,0,57499.0,57290.0,57298.0,57298.0,57638.0,57899.0,57397.42857142857,57373.71428571428,57560.0,283.50946906181423,207.21910684717602,500.0,701.0
2024-09-02 12:44:15,58800.0,2,9,2024,0,0,57999.0,57499.0,57290.0,57199.0,57508.0,57849.0,57626.142857142855,57466.0,57591.7,583.6561283757495,434.5857443952157,801.0,1601.0
2024-09-02 13:49:51,57999.0,2,9,2024,0,0,58800.0,57999.0,57499.0,57298.0,57450.0,57787.0,57726.28571428572,57505.21428571428,57598.76666666667,578.0818034055955,457.21114102053343,-801.0,701.0
2024-09-02 14:51:27,57899.0,2,9,2024,0,0,57999.0,58800.0,57999.0,57199.0,57398.0,57799.0,57826.28571428572,57541.0,57602.1,530.2313062195902,467.66111991236767,-100.0,700.0
2024-09-02 15:21:27,58800.0,2,9,2024,0,0,57899.0,57999.0,58800.0,57298.0,57299.0,57750.0,58040.857142857145,57648.21428571428,57637.1,582.1825110655362,568.9922506672967,901.0,1502.0
2024-09-02 19:40:49,57999.0,2,9,2024,0,0,58800.0,57899.0,57999.0,57290.0,57298.0,57699.0,58142.142857142855,57698.28571428572,57647.1,483.0067040845028,566.6418525062703,-801.0,709.0
2024-09-03 03:30:06,57899.0,3,9,2024,1,0,57999.0,58800.0,57899.0,57499.0,57199.0,57690.0,58199.28571428572,57748.28571428572,57654.066666666666,412.7956372048251,549.8306632432401,-100.0,400.0
2024-09-03 04:24:29,57298.0,3,9,2024,1,0,57899.0,57999.0,58800.0,57999.0,57298.0,57699.0,58099.142857142855,57748.28571428572,57640.7,536.0974502742703,549.8306632432401,-601.0,-701.0
2024-09-03 05:34:54,59490.0,3,9,2024,1,0,57298.0,57899.0,57999.0,58800.0,57199.0,57690.0,58197.71428571428,57911.92857142857,57700.7,718.7571945810384,695.426096752689,2192.0,690.0
2024-09-03 07:49:55,57999.0,3,9,2024,1,0,59490.0,57298.0,57899.0,57999.0,57298.0,57640.0,58197.71428571428,57962.0,57712.666666666664,718.7571945810384,672.6869199771993,-1491.0,0.0
2024-09-03 09:09:38,57298.0,3,9,2024,1,0,57999.0,59490.0,57298.0,57899.0,57199.0,57650.0,58111.857142857145,57969.07142857143,57700.933333333334,792.4988808765434,664.5198919625391,-701.0,-601.0
2024-09-03 09:41:51,58999.0,3,9,2024,1,0,57298.0,57999.0,59490.0,58800.0,57298.0,57799.0,58140.28571428572,58090.57142857143,57740.933333333334,824.2321101659833,687.4910588834306,1701.0,199.0
2024-09-03 14:25:55,58986.0,3,9,2024,1,0,58999.0,57298.0,57999.0,57999.0,57290.0,57640.0,58281.28571428572,58211.71428571428,57785.8,878.659531006563,684.9924680749215,-13.0,987.0
2024-09-03 16:07:37,74998.0,3,9,2024,1,0,58986.0,58999.0,57298.0,57899.0,57499.0,57799.0,60724.0,59461.642857142855,58359.1,6353.0396661755685,4519.178935078063,16012.0,17099.0
2024-09-04 07:44:37,74986.0,4,9,2024,2,0,74998.0,58986.0,58999.0,57298.0,57999.0,57740.0,63250.857142857145,60675.0,58933.96666666667,8053.351236774502,6100.1498090053565,-12.0,17688.0
2024-09-04 13:50:27,58800.0,4,9,2024,2,0,74986.0,74998.0,58986.0,59490.0,58800.0,57699.0,63152.28571428572,60675.0,58970.666666666664,8111.071296162352,6100.1498090053565,-16186.0,-690.0
2024-09-04 15:10:43,74986.0,4,9,2024,2,0,58800.0,74986.0,74998.0,57999.0,57999.0,57638.0,65579.0,61888.357142857145,59548.933333333334,8822.270210476834,7129.495651675018,16186.0,16987.0
2024-09-04 16:41:34,59987.0,4,9,2024,2,0,74986.0,58800.0,74986.0,57298.0,57899.0,57508.0,65963.14285714286,62037.5,59631.566666666666,8452.388743792539,7061.1340639610435,-14999.0,2689.0
2024-09-04 19:32:30,59999.0,4,9,2024,2,0,59987.0,74986.0,58800.0,58999.0,58800.0,57450.0,66106.0,62123.142857142855,59716.53333333333,8322.520751951719,7026.030588047283,12.0,1000.0
2024-09-05 02:37:19,59987.0,5,9,2024,3,0,59999.0,59987.0,74986.0,58986.0,57999.0,57398.0,66249.0,62265.142857142855,59802.833333333336,8187.294302759632,6956.008093253401,-12.0,1001.0
2024-09-05 15:10:14,59998.0,5,9,2024,3,0,59987.0,59999.0,59987.0,74998.0,57899.0,57299.0,64106.142857142855,62415.07142857143,59892.8,7445.108806650007,6876.832147080593,11.0,-15000.0
2024-09-05 17:40:55,59978.0,5,9,2024,3,0,59998.0,59987.0,59999.0,74986.0,57298.0,57298.0,61962.142857142855,62606.5,59982.13333333333,5760.077992196881,6759.736758074364,-20.0,-15008.0
2024-09-06 04:31:59,59967.0,6,9,2024,4,0,59978.0,59998.0,59987.0,58800.0,59490.0,57199.0,62128.857142857145,62640.57142857143,60074.4,5669.477972105619,6744.004000298644,-11.0,1167.0
2024-09-06 09:34:15,59979.0,6,9,2024,4,0,59967.0,59978.0,59998.0,74986.0,57999.0,57298.0,59985.0,62782.0,60163.76666666667,11.416362542895587,6659.408717111348,12.0,-15007.0
2024-09-06 17:48:52,74998.0,6,9,2024,4,0,59979.0,59967.0,59978.0,59987.0,57298.0,57199.0,62129.42857142857,64046.28571428572,60757.066666666666,5674.5180370126,7196.681718559031,15019.0,15011.0
2024-09-07 03:55:56,59979.0,7,9,2024,5,1,74998.0,59979.0,59967.0,59999.0,58999.0,57298.0,62126.57142857143,64116.28571428572,60846.433333333334,5675.774392308183,7148.416074461976,-15019.0,-20.0
2024-09-07 04:17:34,74998.0,7,9,2024,5,1,59979.0,74998.0,59979.0,59987.0,58986.0,57199.0,64271.0,65260.0,61439.73333333333,7327.941730117699,7534.927910430495,15019.0,15011.0
2024-09-07 06:20:04,59979.0,7,9,2024,5,1,74998.0,59979.0,74998.0,59998.0,74998.0,57298.0,64268.28571428572,64187.21428571428,61529.1,7329.791532148939,7098.347317711153,-15019.0,-19.0
2024-09-07 10:32:31,74998.0,7,9,2024,5,1,59979.0,74998.0,59979.0,59978.0,74986.0,57290.0,66414.0,64188.07142857143,62119.36666666667,8029.597872870122,7099.752189221229,15019.0,15020.0
2024-09-07 12:33:06,57240.0,7,9,2024,5,1,74998.0,59979.0,74998.0,59967.0,58800.0,57499.0,66024.42857142857,64076.642857142855,62110.73333333333,8449.6820227577,7202.3223242671775,-17758.0,-2727.0
2024-09-07 16:20:05,72998.0,7,9,2024,5,1,57240.0,74998.0,59979.0,59979.0,74986.0,57999.0,67884.28571428571,63934.642857142855,62610.7,8329.19333257603,6987.070769611571,15758.0,13019.0
2024-09-07 18:20:53,74998.0,7,9,2024,5,1,72998.0,57240.0,74998.0,74998.0,59987.0,58800.0,67884.28571428571,65006.857142857145,63150.63333333333,8329.19333257603,7469.775157332299,2000.0,0.0
2024-09-08 02:35:48,72990.0,8,9,2024,6,1,74998.0,72998.0,57240.0,59979.0,59999.0,57999.0,69743.0,65934.78571428571,63650.333333333336,7698.958955599154,7605.490164536202,-2008.0,13011.0
2024-09-08 04:03:55,74998.0,8,9,2024,6,1,72990.0,74998.0,72998.0,74998.0,59987.0,57899.0,69743.0,67007.0,64220.3,7698.958955599154,7759.0440430209,2008.0,0.0
2024-09-08 05:33:33,63980.0,8,9,2024,6,1,74998.0,72990.0,74998.0,59979.0,59998.0,58800.0,70314.57142857143,67291.42857142857,64392.96666666667,6966.986791460234,7552.584842436227,-11018.0,4001.0
2024-09-08 10:37:45,65999.0,8,9,2024,6,1,63980.0,74998.0,72990.0,74998.0,59978.0,57999.0,69029.0,67721.5,64659.63333333333,6786.68090208071,7270.248464170178,2019.0,-8999.0
2024-09-09 07:13:23,62830.0,9,9,2024,0,0,65999.0,63980.0,74998.0,57240.0,59967.0,57899.0,69827.57142857143,67926.0,64824.0,5343.801576192242,7072.936959337953,-3169.0,5590.0
2024-09-09 10:42:08,74998.0,9,9,2024,0,0,62830.0,65999.0,63980.0,72998.0,59979.0,57298.0,70113.28571428571,68998.78571428571,65414.0,5589.388419564551,6912.029037271716,12168.0,2000.0
2024-09-09 14:33:05,62830.0,9,9,2024,0,0,74998.0,62830.0,65999.0,74998.0,74998.0,59490.0,68375.0,68129.64285714286,65525.333333333336,5707.917512835454,6864.499002472404,-12168.0,-12168.0
2024-09-09 16:57:16,70999.0,9,9,2024,0,0,62830.0,74998.0,62830.0,72990.0,59979.0,57999.0,68090.57142857143,68916.78571428571,65958.66666666667,5484.869912074604,6478.980346872825,8169.0,-1991.0
2024-09-10 00:51:29,62830.0,10,9,2024,1,0,70999.0,62830.0,74998.0,74998.0,74998.0,57298.0,66352.28571428571,68047.64285714286,66143.06666666667,4818.581558726125,6416.298269097342,-8169.0,-12168.0
2024-09-10 06:56:39,57949.0,10,9,2024,1,0,62830.0,70999.0,62830.0,63980.0,59979.0,58999.0,65490.71428571428,67902.64285714286,66108.06666666667,5760.5512385038965,6631.978038925551,-4881.0,-6031.0
2024-09-10 07:33:04,62830.0,10,9,2024,1,0,57949.0,62830.0,70999.0,65999.0,74998.0,58986.0,65038.0,67033.5,66236.2,5837.951952525833,6424.667650787596,4881.0,-3169.0
2024-09-10 12:58:24,62999.0,10,9,2024,1,0,62830.0,57949.0,62830.0,62830.0,57240.0,74998.0,65062.142857142855,67444.85714285714,65836.23333333334,5827.639242682867,5913.401661378233,169.0,169.0
2024-09-10 15:47:28,62980.0,10,9,2024,1,0,62999.0,62830.0,57949.0,74998.0,72998.0,74986.0,63345.28571428572,66729.28571428571,65436.03333333333,3845.97511320974,5794.673342204621,-19.0,-12018.0
2024-09-10 23:15:10,59899.0,10,9,2024,1,0,62980.0,62999.0,62830.0,62830.0,74998.0,58800.0,62926.57142857143,65650.78571428571,65472.666666666664,4064.75218011066,5536.688849130657,-3081.0,-2931.0
2024-09-11 01:51:38,62980.0,11,9,2024,2,0,59899.0,62980.0,62999.0,70999.0,72990.0,74986.0,61781.0,64935.78571428572,65072.46666666667,2032.4728780478274,5148.755520714481,3081.0,-8019.0
2024-09-11 04:01:50,62800.0,11,9,2024,2,0,62980.0,59899.0,62980.0,62830.0,74998.0,59987.0,61776.71428571428,64064.5,65166.23333333333,2029.9223067468838,4272.554320670126,-180.0,-30.0
2024-09-11 13:20:15,59990.0,11,9,2024,2,0,62800.0,62980.0,59899.0,57949.0,63980.0,59999.0,62068.28571428572,63779.5,65165.933333333334,1453.120861489253,4409.505689198847,-2810.0,2041.0
2024-09-11 20:30:46,62987.0,11,9,2024,2,0,59990.0,62800.0,62980.0,62830.0,65999.0,59987.0,62090.71428571428,63564.357142857145,65265.933333333334,1467.972946422584,4366.150312912412,2997.0,157.0
2024-09-12 08:04:07,67999.0,12,9,2024,3,0,62987.0,59990.0,62800.0,62999.0,62830.0,59998.0,62805.0,63933.57142857143,65532.63333333333,2690.7587529666653,4515.280035855789,5012.0,5000.0
2024-09-12 09:00:57,59999.0,12,9,2024,3,0,67999.0,62987.0,59990.0,62980.0,74998.0,59978.0,62379.142857142855,62862.21428571428,65533.333333333336,2887.1735560678,3305.366107467643,-8000.0,-2981.0
2024-09-12 18:35:03,61999.0,12,9,2024,3,0,59999.0,67999.0,62987.0,59899.0,62830.0,59967.0,62679.142857142855,62802.857142857145,65601.06666666667,2688.8047796106725,3313.4407136144096,2000.0,2100.0
2024-09-13 16:31:46,61590.0,13,9,2024,4,0,61999.0,59999.0,67999.0,62980.0,70999.0,59979.0,62480.57142857143,62130.78571428572,65654.76666666666,2714.0906922419395,2331.990011146749,-409.0,-1390.0
2024-09-13 20:46:43,61499.0,13,9,2024,4,0,61590.0,61999.0,59999.0,62800.0,62830.0,74998.0,62294.71428571428,62035.71428571428,65204.8,2733.050110181286,2328.4200463164348,-91.0,-1301.0
2024-09-14 07:20:45,60387.0,14,9,2024,5,1,61499.0,61590.0,61999.0,59990.0,57949.0,59979.0,62351.42857142857,62209.857142857145,65218.4,2680.8744753122987,2076.8408648768127,-1112.0,397.0
2024-09-14 08:49:25,59600.0,14,9,2024,5,1,60387.0,61499.0,61590.0,62987.0,62830.0,74998.0,61867.57142857143,61979.142857142855,64705.13333333333,2847.516804582719,2179.5210079685276,-787.0,-3387.0
2024-09-14 09:25:23,59488.0,14,9,2024,5,1,59600.0,60387.0,61499.0,67999.0,62999.0,59979.0,60651.71428571428,61728.357142857145,64688.76666666667,1030.3636436206498,2253.872380768611,-112.0,-8511.0
2024-09-14 14:26:56,58750.0,14,9,2024,5,1,59488.0,59600.0,60387.0,59999.0,62980.0,74998.0,60473.28571428572,61426.21428571428,64147.166666666664,1247.4987928231487,2354.4583952929042,-738.0,-1249.0
2024-09-14 15:11:40,58699.0,14,9,2024,5,1,58750.0,59488.0,59600.0,61999.0,59899.0,57240.0,60001.857142857145,61340.5,64195.8,1197.3645265848509,2434.80568645008,-51.0,-3300.0
2024-09-14 17:30:36,58650.0,14,9,2024,5,1,58699.0,58750.0,59488.0,61590.0,62980.0,72998.0,59581.857142857145,61031.21428571428,63717.53333333333,1054.5623782042217,2485.0204511950415,-49.0,-2940.0
2024-09-14 18:24:37,58699.0,14,9,2024,5,1,58650.0,58699.0,58750.0,61499.0,62800.0,74998.0,59181.857142857145,60738.28571428572,63174.23333333333,665.4085032447313,2502.1308896641485,49.0,-2800.0
2024-09-15 04:36:25,58649.0,15,9,2024,6,1,58699.0,58650.0,58699.0,60387.0,59990.0,72990.0,58933.57142857143,60642.5,62696.2,419.6541660075895,2558.0235985560726,-50.0,-1738.0
2024-09-15 06:41:46,57949.0,15,9,2024,6,1,58649.0,58699.0,58650.0,59600.0,62987.0,74998.0,58697.71428571428,60282.642857142855,62127.9,445.8159987728169,2557.2010422198437,-700.0,-1651.0
2024-09-15 11:56:58,59399.0,15,9,2024,6,1,57949.0,58649.0,58699.0,59488.0,67999.0,63980.0,58685.0,59668.357142857145,61975.2,420.0456324415635,1269.9607266578864,1450.0,-89.0
2024-09-15 14:36:09,59250.0,15,9,2024,6,1,59399.0,57949.0,58649.0,58750.0,59999.0,65999.0,58756.42857142857,59614.857142857145,61750.23333333333,472.21388414663795,1270.7366038972061,-149.0,500.0
2024-09-15 15:28:19,59099.0,15,9,2024,6,1,59250.0,59399.0,57949.0,58699.0,61999.0,62830.0,58813.57142857143,59407.71428571428,61625.86666666667,488.04298210388833,1073.2154008883858,-151.0,400.0
2024-09-16 01:36:30,58999.0,16,9,2024,0,0,59099.0,59250.0,59399.0,58650.0,61590.0,74998.0,58863.42857142857,59222.642857142855,61092.566666666666,486.37155109462503,872.5930946277086,-100.0,349.0
2024-09-16 03:37:50,58949.0,16,9,2024,0,0,58999.0,59099.0,59250.0,58699.0,61499.0,62830.0,58899.142857142855,59040.5,60963.2,481.4389641381171,576.9320383926174,-50.0,250.0
2024-09-16 14:18:32,58799.0,16,9,2024,0,0,58949.0,58999.0,59099.0,58649.0,60387.0,70999.0,58920.57142857143,58927.07142857143,60556.53333333333,471.6891127082826,428.969510175425,-150.0,150.0
2024-09-16 16:37:51,58599.0,16,9,2024,0,0,58799.0,58949.0,58999.0,57949.0,59600.0,62830.0,59013.42857142857,58855.57142857143,60415.5,268.9621145208562,389.81449518989933,-200.0,650.0
2024-09-16 19:06:22,58549.0,16,9,2024,0,0,58599.0,58799.0,58949.0,59399.0,59488.0,57949.0,58892.0,58788.5,60435.5,257.5066342185648,351.5306639443204,-50.0,-850.0
2024-09-17 09:33:41,58000.0,17,9,2024,1,0,58549.0,58599.0,58799.0,59250.0,58750.0,62830.0,58713.42857142857,58734.92857142857,60274.5,374.64287757034225,410.11545546836345,-549.0,-1250.0
2024-09-17 09:47:15,57500.0,17,9,2024,1,0,58000.0,58549.0,58599.0,59099.0,58699.0,62999.0,58485.0,58649.28571428572,60091.2,547.8184005670977,526.7901974114199,-500.0,-1599.0
2024-09-17 11:46:25,57490.0,17,9,2024,1,0,57500.0,58000.0,58549.0,58999.0,58650.0,62980.0,58269.42857142857,58566.42857142857,59908.2,605.6899253860602,611.1421481747026,-10.0,-1509.0
2024-09-17 15:23:08,57000.0,17,9,2024,1,0,57490.0,57500.0,58000.0,58949.0,58699.0,59899.0,57991.0,58445.07142857143,59811.566666666666,684.1218215102795,738.2603735280422,-490.0,-1949.0
2024-09-17 16:58:21,56500.0,17,9,2024,1,0,57000.0,57490.0,57500.0,58799.0,58649.0,62980.0,57662.57142857143,58291.57142857143,59595.566666666666,777.0988476683535,898.5977721121209,-500.0,-2299.0
2024-09-17 18:12:22,56490.0,17,9,2024,1,0,56500.0,57000.0,57490.0,58599.0,57949.0,62800.0,57361.28571428572,58187.357142857145,59385.23333333333,762.2236579651404,1018.0474982986492,-10.0,-2109.0
2024-09-17 20:13:57,56399.0,17,9,2024,1,0,56490.0,56500.0,57000.0,58549.0,59399.0,59990.0,57054.142857142855,57973.07142857143,59265.53333333333,624.61733047015,1058.3279602417851,-91.0,-2150.0
2024-09-18 06:06:24,55650.0,18,9,2024,2,0,56399.0,56490.0,56500.0,58000.0,59250.0,62987.0,56718.42857142857,57715.92857142857,59020.96666666667,661.9319847089956,1156.9573799937004,-749.0,-2350.0
2024-09-18 09:20:43,55400.0,18,9,2024,2,0,55650.0,56399.0,56490.0,57500.0,59099.0,67999.0,56418.42857142857,57451.71428571428,58601.0,721.8406696638672,1236.4485387641655,-250.0,-2100.0
2024-09-18 13:10:53,55499.0,18,9,2024,2,0,55400.0,55650.0,56399.0,57490.0,58999.0,59999.0,56134.0,57201.71428571428,58451.0,613.339220986085,1253.2562159663266,99.0,-1991.0
2024-09-18 13:57:57,55399.0,18,9,2024,2,0,55499.0,55400.0,55650.0,57000.0,58949.0,61999.0,55905.28571428572,56948.142857142855,58231.0,529.340380185612,1231.4799637428275,-100.0,-1601.0
2024-09-18 14:05:07,55349.0,18,9,2024,2,0,55399.0,55499.0,55400.0,56500.0,58799.0,61590.0,55740.857142857145,56701.71428571428,58022.96666666667,491.2091979903096,1176.5812553965948,-50.0,-1151.0
2024-09-19 13:57:49,55999.0,19,9,2024,3,0,55349.0,55399.0,55499.0,56490.0,58599.0,61499.0,55670.71428571428,56516.0,57839.63333333333,391.3015522096873,1052.7517787653055,650.0,-491.0
2024-09-19 16:22:56,56999.0,19,9,2024,3,0,55999.0,55349.0,55399.0,56399.0,58549.0,60387.0,55756.42857142857,56405.28571428572,57726.7,591.7791978833206,891.6844413010517,1000.0,600.0
2024-09-19 17:00:57,57490.0,19,9,2024,3,0,56999.0,55999.0,55349.0,55650.0,58000.0,59600.0,56019.28571428572,56368.857142857145,57656.36666666667,876.6889821529552,829.7927319657663,491.0,1840.0
2024-09-19 19:08:15,56999.0,19,9,2024,3,0,57490.0,56999.0,55999.0,55400.0,57500.0,59488.0,56247.71428571428,56333.07142857143,57573.4,896.5275073462001,786.9559135627285,-491.0,1599.0
2024-09-19 19:22:54,57450.0,19,9,2024,3,0,56999.0,57490.0,56999.0,55499.0,57490.0,58750.0,56526.42857142857,56330.21428571428,57530.066666666666,927.6956859413076,782.4923866505505,451.0,1951.0
2024-09-19 20:05:56,56500.0,19,9,2024,3,0,57450.0,56999.0,57490.0,55399.0,57000.0,58699.0,56683.71428571428,56294.5,57456.76666666667,787.416390119233,760.677001099183,-950.0,1101.0
2024-09-19 23:18:07,56999.0,19,9,2024,3,0,56500.0,57450.0,56999.0,55349.0,56500.0,58650.0,56919.42857142857,56330.142857142855,57401.73333333333,524.2711948163175,782.4265861015986,499.0,1650.0
2024-09-20 03:46:14,56799.0,20,9,2024,4,0,56999.0,56500.0,57450.0,55999.0,56490.0,58699.0,57033.71428571428,56352.21428571428,57338.4,347.62226352045855,791.5875167690126,-200.0,800.0
2024-09-20 05:04:08,56798.0,20,9,2024,4,0,56799.0,56999.0,56500.0,56999.0,56399.0,58649.0,57005.0,56380.71428571428,57276.7,359.0803067093963,800.533709334872,-1.0,-201.0
2024-09-20 06:35:20,56670.0,20,9,2024,4,0,56798.0,56799.0,56999.0,57490.0,55650.0,57949.0,56887.857142857145,56453.57142857143,57234.066666666666,304.0216157726036,774.9210098002163,-128.0,-820.0
2024-09-20 08:27:41,56500.0,20,9,2024,4,0,56670.0,56798.0,56799.0,56999.0,55400.0,59399.0,56816.57142857143,56532.142857142855,57137.433333333334,330.92892345757775,713.1861184583169,-170.0,-499.0
2024-09-20 09:38:13,57490.0,20,9,2024,4,0,56500.0,56670.0,56798.0,57450.0,55499.0,59250.0,56822.28571428572,56674.357142857145,57078.76666666667,343.7851627035069,689.437073287441,990.0,40.0
2024-09-20 11:20:39,62999.0,20,9,2024,4,0,57490.0,56500.0,56670.0,56500.0,55399.0,59099.0,57750.71428571428,57217.21428571428,57208.76666666667,2335.3516305034454,1763.4769492540922,5509.0,6499.0
2024-09-20 15:12:36,59490.0,20,9,2024,4,0,62999.0,57490.0,56500.0,56999.0,55349.0,58999.0,58106.57142857143,57513.0,57225.13333333333,2390.8437741477014,1773.274762865698,-3509.0,2491.0
2024-09-20 15:21:09,62999.0,20,9,2024,4,0,59490.0,62999.0,57490.0,56799.0,55999.0,58949.0,58992.28571428572,58013.0,57360.13333333333,2916.3758739392865,2239.2056283768948,3509.0,6200.0
2024-09-20 21:32:28,59490.0,20,9,2024,4,0,62999.0,59490.0,62999.0,56798.0,56999.0,58799.0,59376.857142857145,58190.92857142857,57383.166666666664,2751.6374778527274,2251.369786948226,-3509.0,2692.0
2024-09-21 04:22:08,62999.0,21,9,2024,5,1,59490.0,62999.0,59490.0,56670.0,57490.0,58599.0,60281.0,58584.42857142857,57529.833333333336,2753.7724427894555,2577.2841315047713,3509.0,6329.0
2024-09-21 09:50:01,56500.0,21,9,2024,5,1,62999.0,59490.0,62999.0,56500.0,56999.0,58549.0,60281.0,58548.78571428572,57461.53333333333,2753.7724427894555,2604.206484149966,-6499.0,0.0
2024-09-21 09:54:51,59490.0,21,9,2024,5,1,56500.0,62999.0,59490.0,57490.0,57450.0,58000.0,60566.71428571428,58694.5,57511.2,2508.789463352499,2595.052771065778,2990.0,2000.0
2024-09-21 11:20:48,62999.0,21,9,2024,5,1,59490.0,56500.0,62999.0,62999.0,56500.0,57500.0,60566.71428571428,59158.71428571428,57694.5,2508.789463352499,2749.011666555426,3509.0,0.0
2024-09-26 08:09:42,56500.0,26,9,2024,3,0,62999.0,59490.0,56500.0,59490.0,56999.0,57490.0,60139.57142857143,59123.07142857143,57661.5,2940.120227538472,2782.2024608154848,-6499.0,-2990.0
2024-09-26 09:31:50,62999.0,26,9,2024,3,0,56500.0,62999.0,59490.0,62999.0,56799.0,57000.0,60139.57142857143,59565.92857142857,57861.46666666667,2940.120227538472,2875.6839578220934,6499.0,0.0
2024-10-01 18:57:46,61999.0,1,10,2024,1,0,62999.0,56500.0,62999.0,59490.0,56798.0,56500.0,60498.0,59937.42857142857,58044.76666666667,3000.0576661124273,2826.121199270755,-1000.0,2509.0
2024-10-02 04:53:46,62999.0,2,10,2024,2,0,61999.0,62999.0,56500.0,62999.0,56670.0,56490.0,60498.0,60389.5,58261.73333333333,3000.0576661124273,2768.8717988491235,1000.0,0.0
2024-10-02 18:54:05,61999.0,2,10,2024,2,0,62999.0,61999.0,62999.0,56500.0,56500.0,56399.0,61283.57142857143,60782.28571428572,58448.4,2447.8295050338515,2556.572447891717,-1000.0,5499.0
2024-10-03 02:18:15,62999.0,3,10,2024,3,0,61999.0,62999.0,61999.0,59490.0,57490.0,55650.0,61784.857142857145,61175.78571428572,58693.36666666667,2377.603865839967,2431.77207239663,1000.0,3509.0
2024-10-03 18:56:59,61999.0,3,10,2024,3,0,62999.0,61999.0,62999.0,62999.0,62999.0,55400.0,61642.0,61104.357142857145,58913.333333333336,2321.8835026762226,2388.398936112282,-1000.0,-1000.0
2024-10-04 03:13:19,62999.0,4,10,2024,4,0,61999.0,62999.0,61999.0,56500.0,59490.0,55499.0,62570.42857142857,61355.0,59163.333333333336,534.5224838249005,2390.0733815577764,1000.0,6499.0
2024-10-05 01:23:45,56500.0,5,10,2024,5,1,62999.0,61999.0,62999.0,62999.0,62999.0,55399.0,61642.0,60890.78571428572,59200.03333333333,2321.8835026762226,2661.8851093097874,-6499.0,-6499.0
2024-10-05 06:08:18,62999.0,5,10,2024,5,1,56500.0,62999.0,61999.0,61999.0,59490.0,55349.0,61784.857142857145,61141.42857142857,59455.03333333333,2377.603865839967,2684.944941830211,6499.0,1000.0
2024-11-23 04:54:53,74999.0,23,11,2024,5,1,62999.0,56500.0,62999.0,62999.0,62999.0,55999.0,63499.142857142855,61998.57142857143,60088.36666666667,5575.033644997782,4574.27658365084,12000.0,12000.0
2024-11-30 10:50:48,68999.0,30,11,2024,5,1,74999.0,62999.0,56500.0,61999.0,56500.0,56999.0,64499.142857142855,62891.357142857145,60488.36666666667,5880.532867821077,4637.844867660354,-6000.0,7000.0
2024-12-03 07:45:12,67999.0,3,12,2024,1,0,68999.0,74999.0,62999.0,62999.0,59490.0,57490.0,65213.42857142857,63499.142857142855,60838.666666666664,5970.917625098716,4714.723270403404,-1000.0,5000.0
2024-12-03 12:50:02,74999.0,3,12,2024,1,0,67999.0,68999.0,74999.0,61999.0,62999.0,56999.0,67070.57142857143,64356.28571428572,61438.666666666664,6772.409021343974,5620.586192102816,7000.0,13000.0
2024-12-04 07:33:43,68635.0,4,12,2024,2,0,74999.0,67999.0,68999.0,62999.0,56500.0,57450.0,67875.71428571429,65223.07142857143,61811.5,6538.668333187493,5238.544901669998,-6364.0,5636.0
2024-12-05 19:46:32,67999.0,5,12,2024,3,0,68635.0,74999.0,67999.0,56500.0,62999.0,56500.0,69518.42857142857,65580.21428571429,62194.8,4247.427725778828,5245.688019383421,-636.0,11499.0
2024-12-06 15:35:45,62999.0,6,12,2024,4,0,67999.0,68635.0,74999.0,62999.0,61999.0,56999.0,69518.42857142857,65651.64285714286,62394.8,4247.427725778828,5199.780314991709,-5000.0,0.0
2024-12-10 11:42:39,56499.0,10,12,2024,1,0,62999.0,67999.0,68635.0,74999.0,62999.0,56799.0,66875.57142857143,65187.357142857145,62384.8,5756.4435449081375,5719.109661842073,-6500.0,-18500.0
2024-12-16 18:36:37,62999.0,16,12,2024,0,0,56499.0,62999.0,67999.0,68999.0,61999.0,56798.0,66018.42857142857,65258.78571428572,62591.5,5833.7502762557915,5682.35227807001,6500.0,-6000.0
2024-12-20 10:07:06,58999.0,20,12,2024,4,0,62999.0,56499.0,62999.0,67999.0,62999.0,56670.0,64732.71428571428,64973.07142857143,62669.13333333333,6297.805694956677,5901.069557087256,-4000.0,-9000.0
2024-12-20 17:00:55,62999.0,20,12,2024,4,0,58999.0,62999.0,56499.0,74999.0,61999.0,56500.0,63018.42857142857,65044.5,62885.76666666667,4378.200804635894,5868.262182150785,4000.0,-12000.0
2024-12-23 20:01:16,52851.0,23,12,2024,0,0,62999.0,58999.0,62999.0,68635.0,62999.0,57490.0,60763.57142857143,64319.642857142855,62731.13333333333,5020.8219399198915,6707.149086060115,-10148.0,-15784.0
2024-12-24 19:40:01,55999.0,24,12,2024,1,0,52851.0,62999.0,58999.0,67999.0,56500.0,62999.0,59049.28571428572,64283.857142857145,62497.8,4103.457961048845,6753.257844661583,3148.0,-12000.0
2024-12-25 05:41:25,52851.0,25,12,2024,2,0,55999.0,52851.0,62999.0,62999.0,62999.0,59490.0,57599.57142857143,63559.0,62276.5,4264.915116667717,7414.060986240412,-3148.0,-10148.0
2024-12-25 14:55:09,50999.0,25,12,2024,2,0,52851.0,55999.0,52851.0,56499.0,74999.0,62999.0,56813.857142857145,61844.71428571428,61876.5,4952.6400847955465,7339.697367776796,-1852.0,-5500.0
2025-01-30 08:25:23,56999.0,30,1,2025,3,0,50999.0,52851.0,55999.0,62999.0,68999.0,59490.0,55956.71428571428,60987.57142857143,61793.46666666667,4159.472951960986,7137.853994608744,6000.0,-6000.0
2025-02-01 16:22:54,57999.0,1,2,2025,5,1,56999.0,50999.0,52851.0,58999.0,67999.0,62999.0,55813.857142857145,60273.28571428572,61626.8,4053.39082039432,6877.863302247006,1000.0,-1000.0
2025-02-04 12:12:06,50999.0,4,2,2025,1,0,57999.0,56999.0,50999.0,62999.0,74999.0,56500.0,54099.57142857143,58559.0,61443.433333333334,2874.1667115381574,5837.46457080344,-7000.0,-12000.0
2025-02-05 10:07:36,57999.0,5,2,2025,2,0,50999.0,57999.0,56999.0,52851.0,68635.0,59490.0,54835.0,57799.28571428572,61393.73333333333,3147.105336654587,5066.446234842561,7000.0,5148.0
2025-02-13 04:26:26,50999.0,13,2,2025,3,0,57999.0,50999.0,57999.0,55999.0,67999.0,62999.0,54120.71428571428,56585.0,60993.73333333333,3396.424674776161,4431.202858054674,-7000.0,-5000.0
2025-02-13 11:22:58,57999.0,13,2,2025,3,0,50999.0,57999.0,50999.0,52851.0,62999.0,56500.0,54856.142857142855,56227.857142857145,61043.7,3625.3078686998333,4060.471265887755,7000.0,5148.0
2025-02-13 18:42:12,50999.0,13,2,2025,3,0,57999.0,50999.0,57999.0,50999.0,56499.0,62999.0,54856.142857142855,55835.0,60643.7,3625.3078686998333,4291.70276410027,-7000.0,0.0
2025-02-15 02:27:17,57999.0,15,2,2025,5,1,50999.0,57999.0,50999.0,56999.0,62999.0,61999.0,54999.0,55477.857142857145,60510.36666666667,3741.6573867739125,3833.230709249186,7000.0,1000.0
2025-02-19 13:46:57,64999.0,19,2,2025,2,0,57999.0,50999.0,57999.0,57999.0,58999.0,62999.0,55999.0,55906.42857142857,60577.03333333333,5291.50262212916,4529.389799525453,7000.0,7000.0
2025-02-19 16:01:25,50999.0,19,2,2025,2,0,64999.0,57999.0,50999.0,50999.0,62999.0,61999.0,55999.0,55049.28571428572,60210.36666666667,5291.50262212916,4207.981489952356,-14000.0,0.0
2025-02-25 08:31:42,64999.0,25,2,2025,1,0,50999.0,64999.0,57999.0,57999.0,52851.0,62999.0,56999.0,55917.0,60277.03333333333,6298.147875897044,4913.214269858351,14000.0,7000.0
2025-02-25 09:59:18,50999.0,25,2,2025,1,0,64999.0,50999.0,64999.0,50999.0,55999.0,61999.0,56999.0,55559.857142857145,59910.36666666667,6298.147875897044,5085.500154771126,-14000.0,0.0
2025-02-25 14:39:17,64999.0,25,2,2025,1,0,50999.0,64999.0,50999.0,57999.0,52851.0,62999.0,57999.0,56427.57142857143,59977.03333333333,6999.9999999999845,5598.272889084678,14000.0,7000.0
2025-02-28 12:36:57,50999.0,28,2,2025,4,0,64999.0,50999.0,64999.0,50999.0,50999.0,56500.0,57999.0,56427.57142857143,59793.666666666664,6999.9999999999845,5598.272889084678,-14000.0,0.0
2025-03-01 17:45:44,64999.0,1,3,2025,5,1,50999.0,64999.0,50999.0,57999.0,56999.0,62999.0,58999.0,56999.0,59860.333333333336,7483.314773547869,6051.064750553053,14000.0,7000.0
2025-05-13 15:35:57,46999.0,13,5,2025,1,0,64999.0,50999.0,64999.0,64999.0,57999.0,74999.0,56427.57142857143,56213.28571428572,58927.0,8141.603913585705,6600.449535140411,-18000.0,-18000.0
2025-05-17 13:19:16,46998.0,17,5,2025,5,1,46999.0,64999.0,50999.0,50999.0,50999.0,68999.0,55856.0,55927.5,58193.63333333333,8707.036024579955,6922.351920798731,-1.0,-4001.0
2025-05-17 21:14:30,46995.0,17,5,2025,5,1,46998.0,46999.0,64999.0,64999.0,57999.0,67999.0,53284.0,55141.5,57493.5,8200.522767889033,7284.312593617867,-3.0,-18004.0
2025-05-18 13:06:09,46990.0,18,5,2025,6,1,46995.0,46998.0,46999.0,50999.0,50999.0,74999.0,52711.28571428572,54855.142857142855,56559.86666666667,8520.452271139227,7534.200839220822,-5.0,-4009.0
2025-05-19 07:52:16,46300.0,19,5,2025,0,0,46990.0,46995.0,46998.0,64999.0,57999.0,68635.0,50040.0,54019.5,55815.36666666667,6779.318205640818,7802.686004486979,-690.0,-18699.0
2025-05-19 09:22:37,46120.0,19,5,2025,0,0,46300.0,46990.0,46995.0,50999.0,50999.0,67999.0,49343.0,53671.0,55086.066666666666,6913.766315595744,8052.917120761134,-180.0,-4879.0
2025-05-19 12:13:23,45850.0,19,5,2025,0,0,46120.0,46300.0,46990.0,64999.0,57999.0,62999.0,46607.42857142857,52803.21428571428,54514.433333333334,501.3720698050493,8203.830682896141,-270.0,-19149.0
2025-05-19 16:47:52,45450.0,19,5,2025,0,0,45850.0,46120.0,46300.0,46999.0,64999.0,56499.0,46386.142857142855,51406.857142857145,54146.13333333333,626.070397684466,7610.580073486323,-400.0,-1549.0
2025-05-20 04:53:00,45280.0,20,5,2025,1,0,45450.0,45850.0,46120.0,46998.0,50999.0,62999.0,46140.71428571428,50998.357142857145,53555.5,680.6028490205396,7785.627276810052,-170.0,-1718.0
2025-05-22 17:54:30,44090.0,22,5,2025,3,0,45280.0,45450.0,45850.0,46995.0,64999.0,58999.0,45725.71428571428,49504.857142857145,53058.53333333333,917.3668321677713,6841.54561773601,-1190.0,-2905.0
2025-05-23 09:04:26,44160.0,23,5,2025,4,0,44090.0,45280.0,45450.0,46990.0,50999.0,62999.0,45321.42857142857,49016.357142857145,52430.566666666666,890.532211122784,6969.614751599743,70.0,-2830.0
2025-05-24 10:52:55,44839.0,24,5,2025,5,1,44160.0,44090.0,45280.0,46300.0,64999.0,52851.0,45112.71428571428,47576.357142857145,52163.5,788.2987408092905,5294.822777700446,679.0,-1461.0
2025-05-25 05:22:40,44700.0,25,5,2025,6,1,44839.0,44160.0,44090.0,46120.0,50999.0,55999.0,44909.857142857145,47126.42857142857,51786.86666666667,657.7918689500068,5249.0422088122805,-139.0,-1420.0
2025-05-25 19:07:04,44140.0,25,5,2025,6,1,44700.0,44839.0,44160.0,45850.0,64999.0,52851.0,44665.57142857143,45636.5,51496.5,560.8362378750804,1129.7821267170093,-560.0,-1710.0
2025-05-26 15:07:20,44680.0,26,5,2025,0,0,44140.0,44700.0,44839.0,45450.0,46999.0,50999.0,44555.57142857143,45470.857142857145,51285.86666666667,444.8602241684475,1083.7136903446617,540.0,-770.0
2025-05-27 07:26:05,44850.0,27,5,2025,1,0,44680.0,44140.0,44700.0,45280.0,46998.0,56999.0,44494.142857142855,45317.42857142857,50880.9,347.1024961833636,999.668923217614,170.0,-430.0
2025-05-27 14:20:23,44777.0,27,5,2025,1,0,44850.0,44680.0,44140.0,44090.0,46995.0,57999.0,44592.28571428572,45159.0,50440.166666666664,308.79697444786626,882.2094640529943,-73.0,687.0
2025-05-27 18:17:28,44790.0,27,5,2025,1,0,44777.0,44850.0,44680.0,44160.0,46990.0,50999.0,44682.28571428572,45001.857142857145,50233.2,247.53903011073214,710.1300917831218,13.0,630.0
2025-05-28 09:41:04,44670.0,28,5,2025,2,0,44790.0,44777.0,44850.0,44839.0,46300.0,57999.0,44658.142857142855,44885.42857142857,49788.9,237.75507605530782,607.0659214370456,-120.0,-169.0
2025-05-28 13:18:56,44608.0,28,5,2025,2,0,44670.0,44790.0,44777.0,44700.0,46120.0,50999.0,44645.0,44777.42857142857,49575.86666666667,237.59840066715168,494.61573496798394,-62.0,-92.0
2025-05-28 15:46:30,44600.0,28,5,2025,2,0,44608.0,44670.0,44790.0,44140.0,45850.0,57999.0,44710.71428571428,44688.142857142855,49129.23333333333,96.16776016331981,387.2830126294463,-8.0,460.0
2025-05-28 18:24:14,44595.0,28,5,2025,2,0,44600.0,44608.0,44670.0,44680.0,45450.0,50999.0,44698.57142857143,44627.07142857143,48915.76666666667,105.59649164252717,319.35980776610774,-5.0,-85.0
2025-05-29 05:10:36,44140.0,29,5,2025,3,0,44595.0,44600.0,44608.0,44850.0,45280.0,57999.0,44597.142857142855,44545.642857142855,48453.8,217.54725813808108,283.3824833530893,-455.0,-710.0
2025-05-29 13:14:58,44150.0,29,5,2025,3,0,44140.0,44595.0,44600.0,44777.0,44090.0,64999.0,44507.57142857143,44549.92857142857,47758.833333333336,256.70596483240615,276.3274156911907,10.0,-627.0
2025-05-29 17:03:29,44140.0,29,5,2025,3,0,44150.0,44140.0,44595.0,44790.0,44160.0,50999.0,44414.71428571428,44548.5,47530.2,255.07300542162338,278.5411860226849,-10.0,-650.0
2025-05-30 09:55:55,44980.0,30,5,2025,4,0,44140.0,44150.0,44140.0,44670.0,44839.0,64999.0,44459.0,44558.57142857143,46862.9,324.29975845337196,292.07341392894546,840.0,310.0
2025-05-30 13:48:31,44938.0,30,5,2025,4,0,44980.0,44140.0,44150.0,44608.0,44700.0,50999.0,44506.142857142855,44575.57142857143,46660.86666666667,370.2937701205076,307.45949434448715,-42.0,330.0
2025-05-31 04:14:38,44899.0,31,5,2025,5,1,44938.0,44980.0,44140.0,44600.0,44140.0,64999.0,44548.857142857145,44629.78571428572,45990.86666666667,399.05322475837806,291.23640373476763,-39.0,299.0
2025-05-31 07:27:14,44879.0,31,5,2025,5,1,44899.0,44938.0,44980.0,44595.0,44680.0,50999.0,44589.42857142857,44644.0,45786.86666666667,418.490086358731,298.63793360494344,-20.0,284.0
2025-05-31 11:14:46,44820.0,31,5,2025,5,1,44879.0,44899.0,44938.0,44140.0,44850.0,64999.0,44686.57142857143,44641.857142857145,45114.23333333333,373.2567736119577,297.1500157687148,-59.0,680.0
2025-05-31 15:23:08,44790.0,31,5,2025,5,1,44820.0,44879.0,44899.0,44150.0,44777.0,46999.0,44778.0,44642.78571428572,45040.6,288.73228661326664,297.62474529884844,-30.0,640.0
2025-05-31 17:30:07,44785.0,31,5,2025,5,1,44790.0,44820.0,44879.0,44140.0,44790.0,46998.0,44870.142857142855,44642.42857142857,44966.833333333336,75.02317102117001,297.43744379322595,-5.0,645.0
2025-05-31 17:49:16,44745.0,31,5,2025,5,1,44785.0,44790.0,44820.0,44980.0,44670.0,46995.0,44836.57142857143,44647.78571428572,44891.833333333336,70.08770016115498,298.6451917454307,-40.0,-235.0
2025-06-01 11:46:13,44742.0,1,6,2025,6,1,44745.0,44785.0,44790.0,44938.0,44608.0,46990.0,44808.57142857143,44657.357142857145,44816.9,61.42978957486598,299.4183096923717,-3.0,-196.0
2025-06-02 02:26:45,44699.0,2,6,2025,0,0,44742.0,44745.0,44785.0,44899.0,44600.0,46300.0,44780.0,44664.42857142857,44763.53333333333,58.81609756627585,299.12840420296726,-43.0,-200.0
2025-06-02 10:21:26,44127.0,2,6,2025,0,0,44699.0,44742.0,44745.0,44879.0,44595.0,46120.0,44672.57142857143,44631.0,44697.1,243.78190877751348,331.84519097381616,-572.0,-752.0
2025-06-02 19:13:39,44469.0,2,6,2025,0,0,44127.0,44699.0,44742.0,44820.0,44140.0,45850.0,44622.42857142857,44654.5,44651.066666666666,244.50075469659868,304.9599595459875,342.0,-351.0
2025-06-04 08:28:47,44429.0,4,6,2025,2,0,44469.0,44127.0,44699.0,44790.0,44150.0,45450.0,44570.857142857145,44674.42857142857,44617.03333333333,241.31613329833942,277.31923129701204,-40.0,-361.0
2025-06-04 12:30:46,44409.0,4,6,2025,2,0,44429.0,44469.0,44127.0,44785.0,44140.0,45280.0,44517.142857142855,44693.642857142855,44588.0,227.13610352252124,244.86216127687823,-20.0,-376.0
2025-06-04 16:24:13,44395.0,4,6,2025,2,0,44409.0,44429.0,44469.0,44745.0,44980.0,44090.0,44467.142857142855,44651.857142857145,44598.166666666664,206.17341290781974,242.1362798615518,-14.0,-350.0
2025-06-05 07:45:06,43800.0,5,6,2025,3,0,44395.0,44409.0,44429.0,44742.0,44938.0,44160.0,44332.57142857143,44570.57142857143,44586.166666666664,288.04273823027734,317.8617779685685,-595.0,-942.0
2025-06-05 10:46:41,43750.0,5,6,2025,3,0,43800.0,44395.0,44409.0,44699.0,44899.0,44839.0,44197.0,44488.5,44549.86666666667,309.37409932459764,370.5133133746491,-50.0,-949.0
2025-06-05 21:04:50,43700.0,5,6,2025,3,0,43750.0,43800.0,44395.0,44127.0,44879.0,44700.0,44136.0,44404.28571428572,44516.53333333333,362.9361743698708,407.1094029094975,-50.0,-427.0
2025-06-06 09:59:41,43500.0,6,6,2025,4,0,43700.0,43750.0,43800.0,44469.0,44820.0,44140.0,43997.57142857143,44310.0,44495.2,397.8705221306531,453.62234377564624,-200.0,-969.0
2025-06-06 13:36:35,43000.0,6,6,2025,4,0,43500.0,43700.0,43750.0,44429.0,44790.0,44680.0,43793.42857142857,44182.142857142855,44439.2,494.4868913468233,549.95718115341,-500.0,-1429.0
2025-06-06 16:20:23,43300.0,6,6,2025,4,0,43000.0,43500.0,43700.0,44409.0,44785.0,44850.0,43635.0,44076.07142857143,44387.53333333333,438.9286198607776,567.6612565616269,300.0,-1109.0
2025-06-07 03:42:33,43700.0,7,6,2025,5,1,43300.0,43000.0,43500.0,44395.0,44745.0,44777.0,43535.71428571428,44001.42857142857,44351.63333333333,292.56663872490356,541.0156707964132,400.0,-695.0
2025-06-07 09:52:57,43598.0,7,6,2025,5,1,43700.0,43300.0,43000.0,43800.0,44742.0,44790.0,43506.857142857145,43919.71428571428,44311.9,271.34690500665704,505.80483140820235,-102.0,-202.0
2025-06-07 13:46:36,43499.0,7,6,2025,5,1,43598.0,43700.0,43300.0,43750.0,44699.0,44670.0,43471.0,43834.0,44272.86666666667,249.57230081257148,463.4949174100054,-99.0,-251.0
2025-06-08 00:40:22,43490.0,8,6,2025,6,1,43499.0,43598.0,43700.0,43700.0,44127.0,44608.0,43441.0,43788.5,44235.6,229.25168119967967,463.7855522382261,-9.0,-210.0
2025-06-08 08:42:51,43480.0,8,6,2025,6,1,43490.0,43499.0,43598.0,43500.0,44469.0,44600.0,43438.142857142855,43717.857142857145,44198.26666666667,228.51727036854132,425.9367698045368,-10.0,-20.0
2025-06-08 12:05:24,43475.0,8,6,2025,6,1,43480.0,43490.0,43499.0,43000.0,44429.0,44595.0,43506.0,43649.71428571428,44160.933333333334,122.79929424151959,376.90387033822293,-5.0,475.0
2025-06-08 18:58:17,43400.0,8,6,2025,6,1,43475.0,43480.0,43490.0,43300.0,44409.0,44140.0,43520.28571428572,43577.642857142855,44136.26666666667,98.19150384896083,311.30707253451857,-75.0,100.0
2025-06-09 07:36:43,43399.0,9,6,2025,0,0,43400.0,43475.0,43480.0,43700.0,44395.0,44150.0,43477.28571428572,43506.5,44111.23333333333,67.47768590271441,206.21861067335317,-1.0,-301.0
2025-06-09 15:36:08,43397.0,9,6,2025,0,0,43399.0,43400.0,43475.0,43598.0,43800.0,44140.0,43448.57142857143,43477.71428571428,44086.46666666667,47.296430948839095,189.55146595369914,-2.0,-201.0
2025-06-10 11:44:46,43396.0,10,6,2025,1,0,43397.0,43399.0,43400.0,43499.0,43750.0,44980.0,43433.857142857145,43452.42857142857,44033.666666666664,44.95712242446189,173.3545563325212,-1.0,-103.0
2025-06-10 13:18:34,43392.0,10,6,2025,1,0,43396.0,43397.0,43399.0,43490.0,43700.0,44938.0,43419.857142857145,43430.42857142857,43982.13333333333,39.485983040661736,158.41945990998883,-4.0,-98.0
2025-06-10 18:43:20,43800.0,10,6,2025,1,0,43392.0,43396.0,43397.0,43480.0,43500.0,44899.0,43465.57142857143,43451.857142857145,43945.5,150.34278293452806,186.3767306230285,408.0,320.0
2025-06-18 17:36:58,44538.0,18,6,2025,2,0,43800.0,43392.0,43396.0,43475.0,43000.0,44879.0,43617.42857142857,43561.71428571428,43934.13333333333,432.86019958007597,311.09519408638033,738.0,1063.0
2025-06-18 20:56:23,44530.0,18,6,2025,2,0,44538.0,43800.0,43392.0,43400.0,43300.0,44820.0,43778.857142857145,43649.57142857143,43924.46666666667,536.5483602217967,394.1067239892219,-8.0,1130.0
2025-06-19 04:36:53,44528.0,19,6,2025,3,0,44530.0,44538.0,43800.0,43399.0,43700.0,44790.0,43940.142857142855,43708.71428571428,43915.73333333333,571.8590818753962,459.03618570175473,-2.0,1129.0
2025-06-19 04:41:12,64999.0,19,6,2025,3,0,44528.0,44530.0,44538.0,43397.0,43598.0,44785.0,47026.142857142855,45237.357142857145,44589.53333333333,7942.27953064212,5706.196410747277,20471.0,21602.0
2025-06-19 06:50:37,44458.0,19,6,2025,3,0,64999.0,44528.0,44530.0,43396.0,43499.0,44745.0,47177.857142857145,45305.857142857145,44579.96666666667,7871.204110100108,5689.454669787216,-20541.0,1062.0
2025-06-19 12:33:35,44347.0,19,6,2025,3,0,44458.0,64999.0,44528.0,43392.0,43490.0,44742.0,47314.28571428572,45367.07142857143,44566.8,7802.626410687723,5673.001084276372,-111.0,955.0
2025-06-19 17:10:30,44297.0,19,6,2025,3,0,44347.0,44458.0,64999.0,43800.0,43480.0,44699.0,47385.28571428572,45425.42857142857,44553.4,7767.500621484468,5656.273395556284,-50.0,497.0
2025-06-20 12:08:21,44080.0,20,6,2025,4,0,44297.0,44347.0,44458.0,44538.0,43475.0,44127.0,47319.857142857145,45468.642857142855,44551.833333333336,7797.353256684187,5642.520135367268,-217.0,-458.0
2025-06-20 13:10:14,44065.0,20,6,2025,4,0,44080.0,44297.0,44347.0,44530.0,43400.0,44469.0,47253.42857142857,45516.142857142855,44538.36666666667,7827.006768387302,5626.542712990098,-15.0,-465.0
2025-06-20 15:07:47,44038.0,20,6,2025,4,0,44065.0,44080.0,44297.0,44528.0,43399.0,44429.0,47183.42857142857,45561.78571428572,44525.333333333336,7857.57521667556,5610.616477557955,-27.0,-490.0
2025-06-20 16:53:09,43999.0,20,6,2025,4,0,44038.0,44065.0,44080.0,64999.0,43397.0,44409.0,44183.42857142857,45604.78571428572,44511.666666666664,180.2450712609754,5595.034476811234,-39.0,-21000.0
2025-06-20 18:02:53,43995.0,20,6,2025,4,0,43999.0,44038.0,44065.0,44458.0,43396.0,44395.0,44117.28571428572,45647.57142857143,44498.333333333336,144.00314149868757,5579.112056650448,-4.0,-463.0
2025-06-20 19:20:56,43983.0,20,6,2025,4,0,43995.0,43999.0,44038.0,44347.0,43392.0,43800.0,44065.28571428572,45689.78571428572,44504.433333333334,108.59514151880636,5562.944947508831,-12.0,-364.0
2025-06-21 02:26:55,44490.0,21,6,2025,5,1,43983.0,43995.0,43999.0,44297.0,43800.0,43750.0,44092.857142857145,45739.07142857143,44529.1,178.94452452290298,5547.95057745589,507.0,193.0
2025-06-21 05:53:31,44038.0,21,6,2025,5,1,44490.0,43983.0,43995.0,44080.0,44538.0,43700.0,44086.857142857145,45703.357142857145,44540.36666666667,180.14755856443836,5557.877550166107,-452.0,-42.0
2025-06-21 13:52:32,43540.0,21,6,2025,5,1,44038.0,44490.0,43983.0,44065.0,44530.0,43500.0,44011.857142857145,45632.642857142855,44541.7,275.0511640708448,5580.208000081976,-498.0,-525.0
2025-06-21 16:08:16,43513.0,21,6,2025,5,1,43540.0,44038.0,44490.0,44038.0,44528.0,43000.0,43936.857142857145,45560.142857142855,44558.8,332.3449154970266,5602.214120769406,-27.0,-525.0
2025-06-21 19:57:33,43495.0,21,6,2025,5,1,43513.0,43540.0,44038.0,43999.0,64999.0,43300.0,43864.857142857145,44024.142857142855,44565.3,369.18984663276535,324.38625057766836,-18.0,-504.0
2025-06-22 03:36:28,43490.0,22,6,2025,6,1,43495.0,43513.0,43540.0,43995.0,44458.0,43700.0,43792.71428571428,43955.0,44558.3,388.3631094240096,327.94112980655143,-5.0,-505.0
2025-06-22 07:57:55,43482.0,22,6,2025,6,1,43490.0,43495.0,43513.0,43983.0,44347.0,43598.0,43721.142857142855,43893.21428571428,44554.433333333334,393.5803300344859,329.8846368502166,-8.0,-501.0
2025-06-22 11:19:05,64999.0,22,6,2025,6,1,43482.0,43490.0,43495.0,44490.0,44297.0,43499.0,46651.0,45371.92857142857,45271.1,8093.176714574631,5657.490031458038,21517.0,20509.0
2025-06-23 09:29:59,43430.0,23,6,2025,0,0,64999.0,43482.0,43490.0,44038.0,44080.0,43490.0,46564.142857142855,45325.5,45269.1,8129.0766066134565,5671.557536040564,-21569.0,-608.0
2025-06-23 09:59:51,43440.0,23,6,2025,0,0,43430.0,64999.0,43482.0,43540.0,44065.0,43480.0,46549.857142857145,45280.857142857145,45267.76666666667,8135.36230351934,5684.687202776397,10.0,-100.0
2025-06-23 16:59:48,43385.0,23,6,2025,0,0,43440.0,43430.0,64999.0,43513.0,44038.0,43475.0,46531.57142857143,45234.21428571428,45264.76666666667,8143.465659802381,5698.331836580191,-55.0,-128.0
2025-06-24 05:06:40,43353.0,24,6,2025,1,0,43385.0,43440.0,43430.0,43495.0,43999.0,43400.0,46511.28571428572,45188.07142857143,45263.2,8152.462485128543,5711.703362588165,-32.0,-142.0
2025-06-24 07:33:34,43348.0,24,6,2025,1,0,43353.0,43385.0,43440.0,43490.0,43995.0,43399.0,46491.0,45141.857142857145,45261.5,8161.405066939537,5724.701952028909,-5.0,-142.0
2025-06-24 07:49:25,43349.0,24,6,2025,1,0,43348.0,43353.0,43385.0,43482.0,43983.0,43397.0,46472.0,45096.57142857143,45259.9,8169.728188052914,5737.068652655108,1.0,-133.0
2025-06-24 09:40:49,43336.0,24,6,2025,1,0,43349.0,43348.0,43353.0,64999.0,44490.0,43396.0,43377.28571428572,45014.142857142855,45257.9,42.27573884483863,5754.717113373014,-13.0,-21663.0
2025-06-24 15:18:31,43310.0,24,6,2025,1,0,43336.0,43349.0,43348.0,43430.0,44038.0,43392.0,43360.142857142855,44962.142857142855,45255.166666666664,41.663047457524854,5767.491053738033,-26.0,-120.0
2025-06-24 17:32:42,44999.0,24,6,2025,1,0,43310.0,43336.0,43349.0,43440.0,43540.0,43800.0,43582.857142857145,45066.357142857145,45295.13333333333,624.8571646305422,5752.980560038335,1689.0,1559.0
2025-06-24 17:37:36,43310.0,24,6,2025,1,0,44999.0,43310.0,43336.0,43385.0,43513.0,44538.0,43572.142857142855,45051.857142857145,45254.2,629.4414001240468,5757.450943137991,-1689.0,-75.0
2025-06-25 05:42:05,44999.0,25,6,2025,2,0,43310.0,44999.0,43310.0,43353.0,43495.0,44530.0,43807.28571428572,45159.28571428572,45269.833333333336,814.2513359490961,5740.17257082575,1689.0,1646.0
2025-06-25 18:20:14,43250.0,25,6,2025,2,0,44999.0,43310.0,44999.0,43348.0,43490.0,44528.0,43793.28571428572,45142.142857142855,45227.23333333333,824.2454558129033,5745.896848483251,-1749.0,-98.0
2025-06-25 18:55:09,44999.0,25,6,2025,2,0,43250.0,44999.0,43310.0,43349.0,43482.0,64999.0,44029.0,45250.5,44560.566666666666,907.7180178886252,5726.452355248074,1749.0,1650.0
2025-06-25 20:32:16,43248.0,25,6,2025,2,0,44999.0,43250.0,44999.0,43336.0,64999.0,44458.0,44016.42857142857,43696.857142857145,44520.23333333333,919.4489032643088,707.8028688147257,-1751.0,-88.0
2025-06-26 03:30:58,44999.0,26,6,2025,3,0,43248.0,44999.0,43250.0,43310.0,43430.0,44347.0,44257.71428571428,43808.92857142857,44541.96666666667,924.7694693426198,782.5661401694398,1751.0,1689.0
2025-06-26 14:59:48,43243.0,26,6,2025,3,0,44999.0,43248.0,44999.0,44999.0,43440.0,44297.0,44006.857142857145,43794.857142857145,44506.833333333336,928.3342480971661,791.4311143710761,-1756.0,-1756.0
2025-06-27 04:22:14,43188.0,27,6,2025,4,0,43243.0,44999.0,43248.0,43310.0,43385.0,44080.0,43989.42857142857,43780.78571428572,44477.1,944.6002429849746,800.9725990313539,-55.0,-122.0
2025-06-27 07:40:01,43900.0,27,6,2025,4,0,43188.0,43243.0,44999.0,44999.0,43353.0,44065.0,43832.42857142857,43819.857142857145,44471.6,833.6503777847184,791.7887108571275,712.0,-1099.0
2025-06-27 08:16:20,43189.0,27,6,2025,4,0,43900.0,43188.0,43243.0,43250.0,43348.0,44038.0,43823.71428571428,43808.5,44443.3,841.0393796338491,800.1734187058653,-711.0,-61.0
2025-06-27 14:49:07,43088.0,27,6,2025,4,0,43189.0,43900.0,43188.0,44999.0,43349.0,43999.0,43550.71428571428,43789.857142857145,44412.933333333334,693.1040600767589,814.6127779659573,-101.0,-1911.0
2025-06-27 16:11:58,44999.0,27,6,2025,4,0,43088.0,43189.0,43900.0,43248.0,43336.0,43995.0,43800.857142857145,43908.642857142855,44446.4,861.2253728593893,863.143682411524,1911.0,1751.0
2025-06-27 17:17:11,43850.0,27,6,2025,4,0,44999.0,43088.0,43189.0,44999.0,43310.0,43983.0,43636.71428571428,43947.21428571428,44441.96666666667,686.6007365479738,846.2341173233809,-1149.0,-1149.0
2025-06-27 23:19:38,42899.0,27,6,2025,4,0,43850.0,44999.0,43088.0,43243.0,44999.0,44490.0,43587.57142857143,43797.21428571428,44388.933333333334,730.3914149599973,831.4472256339685,-951.0,-344.0
2025-06-28 06:13:10,42887.0,28,6,2025,5,1,42899.0,43850.0,44999.0,43188.0,43310.0,44038.0,43544.57142857143,43767.0,44350.566666666666,765.8361132648416,857.7829203621272,-12.0,-301.0
2025-06-28 07:25:03,42886.0,28,6,2025,5,1,42887.0,42899.0,43850.0,43900.0,44999.0,43540.0,43399.71428571428,43616.07142857143,44328.76666666667,783.1061473994964,808.8317752554085,-1.0,-1014.0
2025-06-28 08:04:27,42884.0,28,6,2025,5,1,42886.0,42887.0,42899.0,43189.0,43250.0,43513.0,43356.142857142855,43589.92857142857,44307.8,804.964063084052,827.2785285136708,-2.0,-305.0
2025-06-28 08:58:06,43088.0,28,6,2025,5,1,42884.0,42886.0,42887.0,43088.0,44999.0,43495.0,43356.142857142855,43453.42857142857,44294.23333333333,804.964063084052,728.6798087910591,204.0,0.0
2025-06-28 09:13:28,44999.0,28,6,2025,5,1,43088.0,42884.0,42886.0,44999.0,43248.0,43490.0,43356.142857142855,43578.5,44344.53333333333,804.964063084052,833.4476819003226,1911.0,0.0
2025-06-28 15:28:41,42870.0,28,6,2025,5,1,44999.0,43088.0,42884.0,43850.0,44999.0,43482.0,43216.142857142855,43426.42857142857,44324.13333333333,789.8357273446901,743.7248989231449,-2129.0,-980.0
2025-06-28 18:18:57,42836.0,28,6,2025,5,1,42870.0,44999.0,43088.0,42899.0,43243.0,64999.0,43207.142857142855,43397.357142857145,43585.36666666667,794.3975555036127,759.239255608053,-34.0,-63.0
2025-06-29 00:35:48,44999.0,29,6,2025,6,1,42836.0,42870.0,44999.0,42887.0,43188.0,43430.0,43508.857142857145,43526.71428571428,43637.666666666664,1021.2284152872579,867.3983583633343,2163.0,2112.0
2025-06-29 03:21:49,42848.0,29,6,2025,6,1,44999.0,42836.0,42870.0,42886.0,43900.0,43440.0,43503.42857142857,43451.57142857143,43617.933333333334,1025.184513009211,878.0747921805136,-2151.0,-38.0
2025-06-29 06:26:32,44999.0,29,6,2025,6,1,42848.0,44999.0,42836.0,42884.0,43189.0,43385.0,43805.57142857143,43580.857142857145,43671.73333333333,1119.5259200723956,965.3530129252842,2151.0,2115.0
2025-06-29 07:07:40,42818.0,29,6,2025,6,1,44999.0,42848.0,44999.0,43088.0,43088.0,43353.0,43767.0,43561.57142857143,43653.9,1152.5337305257738,978.5632886500488,-2181.0,-270.0
2025-06-29 09:19:32,42812.0,29,6,2025,6,1,42818.0,44999.0,42848.0,44999.0,44999.0,43348.0,43454.57142857143,43405.357142857145,43636.03333333333,1055.219070010551,903.0987344578372,-6.0,-2187.0
2025-06-29 15:31:11,42808.0,29,6,2025,6,1,42812.0,42818.0,44999.0,42870.0,43850.0,43349.0,43445.71428571428,43330.92857142857,43618.0,1061.1868692309654,906.5661725865713,-4.0,-62.0
2025-06-29 16:35:33,42649.0,29,6,2025,6,1,42808.0,42812.0,42818.0,42836.0,42899.0,43336.0,43419.0,43313.07142857143,43595.1,1081.2579094121406,918.1171757217007,-159.0,-187.0
2025-06-29 16:41:42,44999.0,29,6,2025,6,1,42649.0,42808.0,42812.0,44999.0,42887.0,43310.0,43419.0,43463.92857142857,43651.4,1081.2579094121406,1011.4885043879652,2350.0,0.0
2025-06-29 18:56:12,42700.0,29,6,2025,6,1,44999.0,42649.0,42808.0,42848.0,42886.0,44999.0,43397.857142857145,43450.642857142855,43574.76666666667,1095.6354972602837,1020.8417045349375,-2299.0,-148.0
2025-06-30 05:22:31,44999.0,30,6,2025,0,0,42700.0,44999.0,42649.0,44999.0,42884.0,43310.0,43397.857142857145,43601.71428571428,43631.066666666666,1095.6354972602837,1085.0147413811785,2299.0,0.0
2025-06-30 05:22:56,42700.0,30,6,2025,0,0,44999.0,42700.0,44999.0,42818.0,43088.0,44999.0,43381.0,43574.0,43554.433333333334,1106.8938521826046,1103.9361046185625,-2299.0,-118.0
2025-06-30 09:14:19,42630.0,30,6,2025,0,0,42700.0,44999.0,42700.0,42812.0,44999.0,43250.0,43355.0,43404.78571428572,43533.76666666667,1124.4844744739603,1048.8974562033668,-70.0,-182.0
2025-06-30 09:30:33,44999.0,30,6,2025,0,0,42630.0,42700.0,44999.0,42808.0,42870.0,44999.0,43668.0,43556.857142857145,43533.76666666667,1245.2935396924097,1117.4896218527228,2369.0,2191.0
2025-06-30 10:52:40,42608.0,30,6,2025,0,0,44999.0,42630.0,42700.0,42649.0,42836.0,43248.0,43662.142857142855,43540.57142857143,43512.433333333334,1250.9686151898968,1130.390042576074,-2391.0,-41.0
2025-06-30 12:39:58,42990.0,30,6,2025,0,0,42608.0,44999.0,42630.0,44999.0,44999.0,44999.0,43375.142857142855,43397.07142857143,43445.46666666667,1116.3587279738801,1056.0807416909722,382.0,-2009.0
2025-06-30 14:30:13,42601.0,30,6,2025,0,0,42990.0,42608.0,44999.0,42700.0,42848.0,43243.0,43361.0,43379.42857142857,43424.066666666666,1126.914666985179,1067.9555388547587,-389.0,-99.0
2025-06-30 15:53:58,44999.0,30,6,2025,0,0,42601.0,42990.0,42608.0,44999.0,44999.0,43188.0,43361.0,43379.42857142857,43484.433333333334,1126.914666985179,1067.9555388547587,2398.0,0.0
2025-06-30 15:57:29,42600.0,30,6,2025,0,0,44999.0,42601.0,42990.0,42700.0,42818.0,43900.0,43346.71428571428,43363.857142857145,43441.1,1137.276822690158,1078.3102776791952,-2399.0,-100.0
2025-06-30 16:00:59,44999.0,30,6,2025,0,0,42600.0,44999.0,42601.0,42630.0,42812.0,43189.0,43685.142857142855,43520.07142857143,43501.433333333334,1236.5963270971363,1148.3531662816063,2399.0,2369.0
2025-06-30 16:55:51,42600.0,30,6,2025,0,0,44999.0,42600.0,44999.0,44999.0,42808.0,43088.0,43342.42857142857,43505.21428571428,43485.166666666664,1140.4798488855188,1159.5652486762292,-2399.0,-2399.0
2025-06-30 17:27:13,44999.0,30,6,2025,0,0,42600.0,44999.0,42600.0,42608.0,42649.0,44999.0,43684.0,43673.07142857143,43485.166666666664,1237.7608815920987,1195.6176044402405,2399.0,2391.0
2025-07-01 03:13:25,42580.0,1,7,2025,1,0,44999.0,42600.0,44999.0,42990.0,44999.0,43850.0,43625.42857142857,43500.28571428572,43442.833333333336,1284.8785749558601,1163.6239432575208,-2419.0,-410.0
2025-07-01 03:31:35,44999.0,1,7,2025,1,0,42580.0,44999.0,42600.0,42601.0,42700.0,42899.0,43968.0,43664.5,43512.833333333336,1285.900203488972,1203.5341387266044,2419.0,2398.0
2025-07-01 19:26:03,42999.0,1,7,2025,1,0,44999.0,42580.0,44999.0,44999.0,44999.0,42887.0,43682.28571428572,43521.642857142855,43516.566666666666,1240.013940013668,1150.4752601335329,-2000.0,-2000.0
2025-07-02 05:41:57,44999.0,2,7,2025,2,0,42999.0,44999.0,42580.0,42600.0,42700.0,42886.0,44025.0,43685.857142857145,43587.0,1222.4313204973844,1187.6502889296455,2000.0,2399.0
2025-07-02 06:06:50,43990.0,2,7,2025,2,0,44999.0,42999.0,44999.0,44999.0,42630.0,42884.0,43880.857142857145,43783.0,43623.86666666667,1145.5085375166161,1149.6563366115693,-1009.0,-1009.0
2025-07-02 09:19:02,43948.0,2,7,2025,2,0,43990.0,44999.0,42999.0,42600.0,44999.0,43088.0,44073.42857142857,43707.92857142857,43652.53333333333,998.1203763644605,1097.265654974161,-42.0,1348.0
2025-07-02 10:46:47,43990.0,2,7,2025,2,0,43948.0,43990.0,44999.0,44999.0,42608.0,44999.0,43929.28571428572,43806.642857142855,43618.9,911.2540286668434,1051.9283835790634,42.0,-1009.0
2025-07-02 11:49:45,43948.0,2,7,2025,2,0,43990.0,43948.0,43990.0,42580.0,42990.0,42870.0,44124.71428571428,43875.07142857143,43654.833333333336,694.5904583001056,1025.5473183628462,-42.0,1368.0
2025-07-02 17:59:44,43899.0,2,7,2025,2,0,43948.0,43990.0,43948.0,44999.0,42601.0,42836.0,43967.57142857143,43967.78571428572,43690.26666666667,578.5685949369072,957.9499889462318,-49.0,-1100.0
2025-07-03 02:40:51,43897.0,3,7,2025,3,0,43899.0,43948.0,43990.0,42999.0,44999.0,44999.0,44095.857142857145,43889.07142857143,43653.53333333333,400.0205947074755,910.8132852910965,-2.0,898.0
2025-07-03 08:26:42,43890.0,3,7,2025,3,0,43897.0,43899.0,43948.0,44999.0,42600.0,42848.0,43937.42857142857,43981.21428571428,43688.26666666667,43.034316313865155,832.2343585048204,-7.0,-1109.0
2025-07-03 12:01:33,43886.0,3,7,2025,3,0,43890.0,43897.0,43899.0,43990.0,44999.0,44999.0,43922.57142857143,43901.71428571428,43651.166666666664,39.68146982243512,778.9873533676356,-4.0,-104.0
2025-07-03 12:26:45,44999.0,3,7,2025,3,0,43886.0,43890.0,43897.0,43948.0,42600.0,42818.0,44072.71428571428,44073.07142857143,43723.86666666667,410.2234002283187,733.1264414303067,1113.0,1051.0
2025-07-03 13:18:32,43877.0,3,7,2025,3,0,44999.0,43886.0,43890.0,43990.0,44999.0,42812.0,44056.57142857143,43992.92857142857,43759.36666666667,416.2006155456743,683.7873560947502,-1122.0,-113.0
2025-07-03 14:34:00,43876.0,3,7,2025,3,0,43877.0,44999.0,43886.0,43948.0,42580.0,42808.0,44046.28571428572,44085.5,43794.96666666667,420.2014256221466,553.0113018767196,-1.0,-72.0
2025-07-04 04:11:55,43799.0,4,7,2025,4,0,43876.0,43877.0,44999.0,43899.0,44999.0,42649.0,44032.0,43999.78571428572,43833.3,427.67666914736,489.93110639597865,-77.0,-100.0
2025-07-04 07:25:52,42990.0,4,7,2025,4,0,43799.0,43876.0,43877.0,43897.0,42999.0,44999.0,43902.42857142857,43999.142857142855,43766.333333333336,584.1606106605216,491.3491406580224,-809.0,-907.0
2025-07-04 10:13:06,43799.0,4,7,2025,4,0,42990.0,43799.0,43876.0,43890.0,44999.0,42700.0,43889.42857142857,43913.42857142857,43802.96666666667,585.4943373315186,399.6149520394893,809.0,-91.0
2025-07-04 15:44:21,43499.0,4,7,2025,4,0,43799.0,42990.0,43799.0,43886.0,43990.0,44999.0,43834.142857142855,43878.357142857145,43752.96666666667,603.8555093647276,413.6763147800621,-300.0,-387.0
2025-07-04 18:47:07,43799.0,4,7,2025,4,0,43499.0,43799.0,42990.0,44999.0,43948.0,42700.0,43662.71428571428,43867.71428571428,43789.6,323.1298574282074,413.6634508303484,300.0,-1200.0
2025-07-04 19:47:43,43900.0,4,7,2025,4,0,43799.0,43499.0,43799.0,43877.0,43990.0,42630.0,43666.0,43861.28571428572,43831.933333333334,325.77804304925496,412.31400069395875,101.0,23.0
2025-07-05 01:47:22,43499.0,5,7,2025,5,1,43900.0,43799.0,43499.0,43876.0,43948.0,44999.0,43612.142857142855,43829.21428571428,43781.933333333334,316.2996620139644,422.3895720219417,-401.0,-377.0
2025-07-05 10:00:23,43799.0,5,7,2025,5,1,43499.0,43900.0,43799.0,43799.0,43899.0,42608.0,43612.142857142855,43822.07142857143,43821.63333333333,316.2996620139644,421.9639912285641,300.0,0.0
2025-07-05 13:12:52,43795.0,5,7,2025,5,1,43799.0,43499.0,43900.0,42990.0,43897.0,42990.0,43727.142857142855,43814.78571428572,43848.46666666667,160.24609050917343,421.4510061120767,-4.0,805.0
2025-07-05 15:05:20,43490.0,5,7,2025,5,1,43795.0,43799.0,43499.0,43799.0,43890.0,42601.0,43683.0,43786.21428571428,43878.1,178.65516132016538,429.4426044920168,-305.0,-309.0
2025-07-05 16:53:05,43900.0,5,7,2025,5,1,43490.0,43795.0,43799.0,43499.0,43886.0,44999.0,43740.28571428572,43787.21428571428,43841.46666666667,174.05335799183848,429.70905695576124,410.0,401.0
2025-07-05 16:57:55,43795.0,5,7,2025,5,1,43900.0,43490.0,43795.0,43799.0,44999.0,42600.0,43739.71428571428,43701.21428571428,43881.3,173.83489703806632,252.45568646759563,-105.0,-4.0
2025-07-06 10:31:24,43445.0,6,7,2025,6,1,43795.0,43900.0,43490.0,43900.0,43877.0,44999.0,43674.71428571428,43670.357142857145,43829.5,188.3708348663349,255.69741948859644,-350.0,-455.0
2025-07-06 11:41:29,43795.0,6,7,2025,6,1,43445.0,43795.0,43900.0,43499.0,43876.0,42600.0,43717.0,43664.57142857143,43869.333333333336,175.10853776919464,251.56944730361192,350.0,296.0
2025-07-06 14:52:15,43480.0,6,7,2025,6,1,43795.0,43445.0,43795.0,43799.0,43799.0,44999.0,43671.42857142857,43641.78571428572,43818.7,190.99987534189876,252.90015621673862,-315.0,-319.0
2025-07-06 16:24:17,43795.0,6,7,2025,6,1,43480.0,43795.0,43445.0,43795.0,42990.0,42580.0,43671.42857142857,43699.28571428572,43859.2,190.99987534189876,171.82792313325442,315.0,0.0
2025-07-06 16:28:54,43448.0,6,7,2025,6,1,43795.0,43480.0,43795.0,43490.0,43799.0,44999.0,43665.42857142857,43674.21428571428,43807.5,198.17404567859356,181.49472490486184,-347.0,-42.0
2025-07-06 16:43:44,43795.0,6,7,2025,6,1,43448.0,43795.0,43480.0,43900.0,43499.0,42999.0,43650.42857142857,43695.357142857145,43834.03333333333,180.65976967942362,176.69078038082498,347.0,-105.0
2025-07-06 17:25:06,43448.0,6,7,2025,6,1,43795.0,43448.0,43795.0,43795.0,43799.0,44999.0,43600.857142857145,43670.28571428572,43782.333333333336,181.9811607195002,185.53433378877924,-347.0,-347.0
2025-07-06 18:59:04,43795.0,6,7,2025,6,1,43448.0,43795.0,43448.0,43445.0,43900.0,43990.0,43650.857142857145,43662.78571428572,43775.833333333336,180.09389085551868,177.48160407117726,347.0,350.0
2025-07-07 06:33:26,43444.0,7,7,2025,0,0,43795.0,43448.0,43795.0,43795.0,43499.0,43948.0,43600.71428571428,43658.857142857145,43759.03333333333,182.1242380764073,181.93864441929125,-351.0,-351.0
2025-07-07 11:31:18,43795.0,7,7,2025,0,0,43444.0,43795.0,43448.0,43480.0,43799.0,43990.0,43645.71428571428,43658.57142857143,43752.53333333333,186.19677251474684,181.70462688668795,351.0,315.0
2025-07-07 11:34:22,43440.0,7,7,2025,0,0,43795.0,43444.0,43795.0,43795.0,43795.0,43948.0,43595.0,43633.21428571428,43735.6,187.102467469052,185.92272116452398,-355.0,-355.0
2025-07-07 12:28:52,43795.0,7,7,2025,0,0,43440.0,43795.0,43444.0,43448.0,43490.0,43899.0,43644.57142857143,43655.0,43732.13333333333,187.631604606711,185.71980550632065,355.0,347.0
2025-07-07 16:21:49,43438.0,7,7,2025,0,0,43795.0,43440.0,43795.0,43795.0,43900.0,43897.0,43593.57142857143,43622.0,43716.833333333336,188.445268041661,179.78876495338935,-357.0,-357.0
2025-07-07 18:09:34,43795.0,7,7,2025,0,0,43438.0,43795.0,43440.0,43448.0,43795.0,43890.0,43643.142857142855,43622.0,43713.666666666664,189.4073463644252,179.78876495338935,357.0,347.0
2025-07-07 18:33:38,43427.0,7,7,2025,0,0,43795.0,43438.0,43795.0,43795.0,43445.0,43886.0,43590.57142857143,43620.71428571428,43698.36666666667,191.29458708309994,181.2106418143315,-368.0,-368.0
2025-07-08 04:51:49,43795.0,8,7,2025,1,0,43427.0,43795.0,43438.0,43444.0,43795.0,44999.0,43640.71428571428,43620.71428571428,43658.23333333333,192.47052959238982,181.2106418143315,368.0,351.0
2025-07-08 06:25:18,43438.0,8,7,2025,1,0,43795.0,43427.0,43795.0,43795.0,43480.0,43877.0,43589.71428571428,43617.71428571428,43643.6,192.07265490324136,184.04490613976037,-357.0,-357.0
2025-07-08 07:14:49,43426.0,8,7,2025,1,0,43438.0,43795.0,43427.0,43440.0,43795.0,43876.0,43587.71428571428,43591.357142857145,43628.6,193.9550757991306,183.12274452920863,-12.0,-14.0
2025-07-08 09:27:00,43795.0,8,7,2025,1,0,43426.0,43438.0,43795.0,43795.0,43448.0,43799.0,43587.71428571428,43616.142857142855,43628.46666666667,193.9550757991306,185.69199359956878,369.0,0.0
2025-07-08 10:06:47,43900.0,8,7,2025,1,0,43795.0,43426.0,43438.0,43438.0,43795.0,42990.0,43653.71428571428,43623.642857142855,43658.8,212.26062147332036,195.34136084355433,105.0,462.0
2025-07-08 15:31:46,43424.0,8,7,2025,1,0,43900.0,43795.0,43426.0,43795.0,43448.0,43799.0,43600.71428571428,43621.92857142857,43646.3,217.35969749452616,197.09875084810255,-476.0,-371.0
2025-07-08 15:43:54,43422.0,8,7,2025,1,0,43424.0,43900.0,43795.0,43427.0,43795.0,43499.0,43600.0,43595.28571428572,43643.73333333333,218.03287213860054,197.11434736602936,-2.0,-5.0
2025-07-08 16:42:48,43795.0,8,7,2025,1,0,43422.0,43424.0,43900.0,43795.0,43444.0,43799.0,43600.0,43620.357142857145,43643.6,218.03287213860054,198.70759621784492,373.0,0.0
2025-07-08 18:50:07,43424.0,8,7,2025,1,0,43795.0,43422.0,43424.0,43438.0,43795.0,43900.0,43598.0,43593.857142857145,43627.73333333333,219.82341397814642,198.3636354567083,-371.0,-14.0
2025-07-08 21:21:22,43795.0,8,7,2025,1,0,43424.0,43795.0,43422.0,43426.0,43440.0,43499.0,43650.71428571428,43619.21428571428,43637.6,215.9117985696331,199.86733238054674,371.0,369.0
2025-07-09 10:56:59,43422.0,9,7,2025,2,0,43795.0,43424.0,43795.0,43795.0,43795.0,43799.0,43597.42857142857,43592.57142857143,43625.03333333333,220.34961397884652,199.49270829484206,-373.0,-373.0
2025-07-09 11:04:01,43795.0,9,7,2025,2,0,43422.0,43795.0,43424.0,43900.0,43438.0,43795.0,43582.42857142857,43618.07142857143,43625.03333333333,198.84404034475918,201.0256257328097,373.0,-105.0
2025-07-09 12:10:16,43990.0,9,7,2025,2,0,43795.0,43422.0,43795.0,43424.0,43795.0,43490.0,43663.28571428572,43632.0,43641.7,235.40158190116722,220.0800553723431,195.0,566.0
2025-07-09 14:43:46,43421.0,9,7,2025,2,0,43990.0,43795.0,43422.0,43422.0,43427.0,43900.0,43663.142857142855,43631.57142857143,43625.73333333333,235.57265586256713,220.51538034907193,-569.0,-1.0
2025-07-09 18:44:40,43795.0,9,7,2025,2,0,43421.0,43990.0,43795.0,43795.0,43795.0,43795.0,43663.142857142855,43631.57142857143,43625.73333333333,235.57265586256713,220.51538034907193,374.0,0.0
2025-07-10 03:17:19,43750.0,10,7,2025,3,0,43795.0,43421.0,43990.0,43424.0,43438.0,43445.0,43709.71428571428,43653.857142857145,43635.9,211.39986935087424,215.1481983568673,-45.0,326.0
2025-07-10 06:12:36,43795.0,10,7,2025,3,0,43750.0,43795.0,43421.0,43795.0,43426.0,43795.0,43709.71428571428,43680.21428571428,43635.9,211.39986935087424,207.55543415004055,45.0,0.0
2025-07-10 09:54:54,43990.0,10,7,2025,3,0,43795.0,43750.0,43795.0,43422.0,43795.0,43480.0,43790.857142857145,43694.142857142855,43652.9,190.53908485346471,221.89840265840567,195.0,568.0
2025-07-10 11:52:57,43749.0,10,7,2025,3,0,43990.0,43795.0,43750.0,43795.0,43900.0,43795.0,43784.28571428572,43683.357142857145,43651.36666666667,191.1646012251182,214.67492675968742,-241.0,-46.0
2025-07-10 11:52:58,43750.0,10,7,2025,3,0,43749.0,43990.0,43795.0,43990.0,43424.0,43448.0,43750.0,43706.642857142855,43661.433333333334,168.27160584302658,201.66484273332634,1.0,-240.0
2025-07-10 13:23:12,43990.0,10,7,2025,3,0,43750.0,43749.0,43990.0,43421.0,43422.0,43795.0,43831.28571428572,43747.21428571428,43667.933333333334,110.30218233661172,197.07834388844947,240.0,569.0
2025-07-10 13:56:15,43795.0,10,7,2025,3,0,43990.0,43750.0,43749.0,43795.0,43795.0,43448.0,43831.28571428572,43747.21428571428,43679.5,110.30218233661172,197.07834388844947,-195.0,0.0
2025-07-10 14:44:33,43700.0,10,7,2025,3,0,43795.0,43990.0,43750.0,43750.0,43424.0,43795.0,43824.142857142855,43766.92857142857,43676.333333333336,117.80694457511687,174.80515056135238,-95.0,-50.0
2025-07-10 16:51:34,43750.0,10,7,2025,3,0,43700.0,43795.0,43990.0,43795.0,43795.0,43444.0,43817.71428571428,43763.71428571428,43686.53333333333,120.85075407937659,174.6629407189171,50.0,-45.0
2025-07-10 17:16:14,43990.0,10,7,2025,3,0,43750.0,43700.0,43795.0,43990.0,43422.0,43795.0,43817.71428571428,43804.28571428572,43693.03333333333,120.85075407937659,153.91927384369777,240.0,0.0
2025-07-10 18:39:25,43700.0,10,7,2025,3,0,43990.0,43750.0,43700.0,43749.0,43795.0,43440.0,43810.71428571428,43797.5,43701.7,126.7684428195285,156.4336920341323,-290.0,-49.0
2025-07-11 03:22:27,43449.0,11,7,2025,4,0,43700.0,43990.0,43750.0,43750.0,43990.0,43795.0,43767.71428571428,43758.857142857145,43690.166666666664,187.36302933492357,171.33406736781802,-251.0,-301.0
2025-07-11 04:12:53,43999.0,11,7,2025,4,0,43449.0,43700.0,43990.0,43990.0,43421.0,43438.0,43769.0,43800.142857142855,43708.86666666667,189.16483112087118,152.23405924640562,550.0,9.0
2025-07-11 05:01:57,43449.0,11,7,2025,4,0,43999.0,43449.0,43700.0,43795.0,43795.0,43795.0,43719.57142857143,43775.42857142857,43697.333333333336,223.353872544474,178.8857453615136,-550.0,-346.0
2025-07-11 06:01:19,43970.0,11,7,2025,4,0,43449.0,43999.0,43449.0,43700.0,43750.0,43427.0,43758.142857142855,43791.142857142855,43715.433333333334,241.95001451429,186.00159518139756,521.0,270.0
2025-07-11 06:13:07,43980.0,11,7,2025,4,0,43970.0,43449.0,43999.0,43750.0,43795.0,43795.0,43791.0,43804.357142857145,43721.6,255.87627218309615,192.7459895482778,10.0,230.0
2025-07-11 08:14:37,43999.0,11,7,2025,4,0,43980.0,43970.0,43449.0,43990.0,43990.0,43438.0,43792.28571428572,43805.0,43740.3,257.0627123775228,193.42659113284915,19.0,9.0
2025-07-11 08:18:14,43965.0,11,7,2025,4,0,43999.0,43980.0,43970.0,43700.0,43749.0,43426.0,43830.142857142855,43820.42857142857,43758.26666666667,260.6942197098388,197.1940529248272,-34.0,265.0
2025-07-11 08:37:35,43999.0,11,7,2025,4,0,43965.0,43999.0,43980.0,43449.0,43750.0,43795.0,43908.71428571428,43838.21428571428,43765.066666666666,203.22295989431146,201.53456607267805,34.0,550.0
2025-07-11 10:06:47,44500.0,11,7,2025,4,0,43999.0,43965.0,43999.0,43999.0,43990.0,43900.0,43980.28571428572,43874.642857142855,43785.066666666666,303.70145114601223,266.65350815244653,501.0,501.0
2025-07-11 11:52:08,43980.0,11,7,2025,4,0,44500.0,43999.0,43965.0,43449.0,43795.0,43424.0,44056.142857142855,43887.857142857145,43803.6,196.15591466166092,266.98684991098094,-520.0,531.0
2025-07-11 12:32:13,43960.0,11,7,2025,4,0,43980.0,44500.0,43999.0,43970.0,43700.0,43422.0,44054.71428571428,43906.42857142857,43821.53333333333,196.92275497814262,261.908884422943,-20.0,-10.0
2025-07-11 16:15:41,43899.0,11,7,2025,4,0,43960.0,43980.0,44500.0,43980.0,43750.0,43795.0,44043.142857142855,43917.07142857143,43825.0,204.2869130824456,258.0624445325779,-61.0,-81.0
2025-07-11 17:47:41,44999.0,11,7,2025,4,0,43899.0,43960.0,43980.0,43999.0,43990.0,43424.0,44186.0,43989.142857142855,43877.5,412.1601630429493,388.119897645618,1100.0,1000.0
2025-07-11 18:20:49,45000.0,11,7,2025,4,0,44999.0,43899.0,43960.0,43965.0,43700.0,43795.0,44333.857142857145,44082.0,43917.666666666664,496.6519333061241,462.08524022537387,1.0,1035.0
2025-07-11 18:27:07,43700.0,11,7,2025,4,0,45000.0,44999.0,43899.0,43999.0,43449.0,43422.0,44291.142857142855,44099.92857142857,43926.933333333334,541.1181105113592,439.976479145387,-1300.0,-299.0
2025-07-11 18:48:48,44390.0,11,7,2025,4,0,43700.0,45000.0,44999.0,44500.0,43999.0,43795.0,44275.42857142857,44127.857142857145,43946.76666666667,535.6111329256162,445.4527268650353,690.0,-110.0
2025-07-11 18:54:53,43898.0,11,7,2025,4,0,44390.0,43700.0,45000.0,43980.0,43449.0,43990.0,44263.71428571428,44159.92857142857,43943.7,543.9806106484707,407.3510042490369,-492.0,-82.0
2025-07-11 19:34:49,43800.0,11,7,2025,4,0,43898.0,44390.0,43700.0,43960.0,43970.0,43421.0,44240.857142857145,44147.78571428572,43956.333333333336,561.9342869559792,415.8924007653295,-98.0,-160.0
2025-07-11 20:11:20,43700.0,11,7,2025,4,0,43800.0,43898.0,44390.0,43899.0,43980.0,43795.0,44212.42857142857,44127.78571428572,43953.166666666664,586.6037439196408,431.03849169423995,-100.0,-199.0
2025-07-11 20:26:40,43690.0,11,7,2025,4,0,43700.0,43800.0,43898.0,44999.0,43999.0,43750.0,44025.42857142857,44105.71428571428,43951.166666666664,495.6607903064733,445.7987522143771,-10.0,-1309.0
2025-07-11 23:46:40,43999.0,11,7,2025,4,0,43690.0,43700.0,43800.0,45000.0,43965.0,43795.0,43882.42857142857,44108.142857142855,43957.96666666667,252.27092390377157,445.0652254989403,309.0,-1001.0
2025-07-12 01:54:03,43899.0,12,7,2025,5,1,43999.0,43690.0,43700.0,43700.0,43999.0,43990.0,43910.857142857145,44101.0,43954.933333333334,239.1585447427045,447.745978811458,-100.0,199.0
2025-07-12 02:30:21,43648.0,12,7,2025,5,1,43899.0,43999.0,43690.0,44390.0,44500.0,43749.0,43804.857142857145,44040.142857142855,43951.566666666666,131.68450753017615,447.2438428289827,-251.0,-742.0
2025-07-12 03:07:40,43645.0,12,7,2025,5,1,43648.0,43899.0,43999.0,43898.0,43980.0,43750.0,43768.71428571428,44016.21428571428,43948.066666666666,136.49140911268424,459.502771163224,-3.0,-253.0
2025-07-12 04:05:12,43640.0,12,7,2025,5,1,43645.0,43648.0,43899.0,43800.0,43960.0,43990.0,43745.857142857145,43993.357142857145,43936.4,143.5913513765408,470.34514449332335,-5.0,-160.0
2025-07-12 06:34:24,43600.0,12,7,2025,5,1,43640.0,43645.0,43648.0,43700.0,43899.0,43795.0,43731.57142857143,43972.0,43929.9,153.54354120993315,481.61267553311365,-40.0,-100.0
2025-07-12 07:07:32,44499.0,12,7,2025,5,1,43600.0,43640.0,43645.0,43690.0,44999.0,43700.0,43847.142857142855,43936.28571428572,43956.53333333333,325.3651428627889,413.2891386079666,899.0,809.0
2025-07-12 08:06:00,44480.0,12,7,2025,5,1,44499.0,43600.0,43640.0,43999.0,45000.0,43750.0,43915.857142857145,43899.142857142855,43980.86666666667,404.0566909771997,324.0756932391966,-19.0,481.0
2025-07-12 13:07:31,44399.0,12,7,2025,5,1,44480.0,44499.0,43600.0,43899.0,43700.0,43990.0,43987.28571428572,43949.07142857143,43994.5,442.9069557234271,344.25224747779157,-81.0,500.0
2025-07-12 14:32:42,44390.0,12,7,2025,5,1,44399.0,44480.0,44499.0,43648.0,44390.0,43700.0,44093.28571428572,43949.07142857143,44017.5,436.92322524845054,344.25224747779157,-9.0,742.0
2025-07-12 16:15:48,43993.0,12,7,2025,5,1,44390.0,44399.0,44480.0,43645.0,43898.0,43449.0,44143.0,43955.857142857145,44035.63333333333,395.2231437212755,344.10437977338154,-397.0,348.0
2025-07-12 17:16:07,43600.0,12,7,2025,5,1,43993.0,44390.0,44399.0,43640.0,43800.0,43999.0,44137.28571428572,43941.57142857143,44022.333333333336,403.9016853495001,355.0500970736013,-393.0,-40.0
2025-07-13 01:58:28,44370.0,13,7,2025,6,1,43600.0,43993.0,44390.0,43600.0,43700.0,43449.0,44247.28571428572,43989.42857142857,44053.03333333333,331.5618164005249,364.9992021714708,770.0,770.0
2025-07-13 03:23:47,43795.0,13,7,2025,6,1,44370.0,43600.0,43993.0,44499.0,43690.0,43970.0,44146.71428571428,43996.92857142857,44047.2,348.80735575409693,359.4092298604553,-575.0,-704.0
2025-07-13 04:45:57,44370.0,13,7,2025,6,1,43795.0,44370.0,43600.0,44480.0,43999.0,43980.0,44131.0,44023.42857142857,44060.2,333.4286530372923,372.99426976578457,575.0,-110.0
2025-07-13 06:03:26,44360.0,13,7,2025,6,1,44370.0,43795.0,44370.0,44399.0,43899.0,43999.0,44125.42857142857,44056.357142857145,44072.23333333333,328.4934586571696,381.41832620341984,-10.0,-39.0
2025-07-13 09:56:36,43795.0,13,7,2025,6,1,44360.0,44370.0,43795.0,44390.0,43648.0,43965.0,44040.42857142857,44066.857142857145,44066.566666666666,325.59118392123156,371.19844519833634,-565.0,-595.0
2025-07-13 14:30:39,44330.0,13,7,2025,6,1,43795.0,44360.0,44370.0,43993.0,43645.0,43999.0,44088.57142857143,44115.78571428572,44077.6,341.915124527353,356.15601131943674,535.0,337.0
2025-07-15 17:25:15,44990.0,15,7,2025,1,0,44330.0,43795.0,44360.0,43600.0,43640.0,44500.0,44287.142857142855,44212.21428571428,44093.933333333334,408.1039200049213,397.75450074196397,660.0,1390.0
2025-07-15 19:32:00,44399.0,15,7,2025,1,0,44990.0,44330.0,43795.0,44370.0,43600.0,43980.0,44291.28571428572,44269.28571428572,44107.9,409.2308697562757,358.5435127746487,-591.0,29.0
2025-07-16 06:28:19,44990.0,16,7,2025,2,0,44399.0,44990.0,44330.0,43795.0,44499.0,43960.0,44462.0,44304.357142857145,44142.23333333333,416.87688030506246,403.8883332279016,591.0,1195.0
2025-07-16 14:46:37,44970.0,16,7,2025,2,0,44990.0,44399.0,44990.0,44370.0,44480.0,43899.0,44547.71428571428,44339.357142857145,44177.933333333334,454.7690675072789,439.90516585779534,-20.0,600.0
2025-07-16 19:26:49,44990.0,16,7,2025,2,0,44970.0,44990.0,44399.0,44360.0,44399.0,44999.0,44637.71428571428,44381.57142857143,44177.63333333333,473.3866334841183,473.1681623835445,20.0,630.0
2025-07-16 20:48:25,44999.0,16,7,2025,2,0,44990.0,44970.0,44990.0,43795.0,44390.0,45000.0,44809.71428571428,44425.07142857143,44177.6,304.9156792099563,501.1679381216471,9.0,1204.0
2025-07-17 10:24:45,44990.0,17,7,2025,3,0,44999.0,44990.0,44970.0,44330.0,43993.0,43700.0,44904.0,44496.28571428572,44220.6,222.85645604174027,505.86246665286427,-9.0,660.0
2025-07-18 05:58:32,45999.0,18,7,2025,4,0,44990.0,44999.0,44990.0,44990.0,43600.0,44390.0,45048.142857142855,44667.642857142855,44274.23333333333,473.31787365709397,579.8139764234675,1009.0,1009.0
2025-07-18 11:25:18,46330.0,18,7,2025,4,0,45999.0,44990.0,44999.0,44399.0,44370.0,43898.0,45324.0,44807.642857142855,44355.3,582.1325736743779,721.6879367324852,331.0,1931.0
2025-07-21 07:50:17,47999.0,21,7,2025,0,0,46330.0,45999.0,44990.0,44990.0,43795.0,43800.0,45753.857142857145,45107.92857142857,44495.26666666667,1138.998014129011,1062.2091974390084,1669.0,3009.0
2025-07-21 14:15:05,49999.0,21,7,2025,0,0,47999.0,46330.0,45999.0,44970.0,44370.0,43700.0,46472.28571428572,45510.0,44705.23333333333,1896.3881208131274,1659.0666977838337,2000.0,5029.0
2025-07-22 09:23:41,48000.0,22,7,2025,1,0,49999.0,47999.0,46330.0,44990.0,44360.0,43690.0,46902.28571428572,45770.0,44848.9,1844.820109955008,1747.827882743405,-1999.0,3010.0
2025-07-22 19:33:38,49988.0,22,7,2025,1,0,48000.0,49999.0,47999.0,44999.0,43795.0,43999.0,47615.0,46212.357142857145,45048.53333333333,1947.8009823043328,1978.054817905774,1988.0,4989.0
2025-07-24 13:36:24,46779.0,24,7,2025,3,0,49988.0,48000.0,49999.0,44990.0,44330.0,43899.0,47870.57142857143,46387.28571428572,45144.53333333333,1638.832191647446,1905.7509494478866,-3209.0,1789.0
2025-07-25 09:23:26,44999.0,25,7,2025,4,0,46779.0,49988.0,48000.0,45999.0,44990.0,43648.0,47727.71428571428,46387.92857142857,45189.566666666666,1858.086445269508,1905.2448041496143,-1780.0,-1000.0
2025-07-25 15:52:38,44751.0,25,7,2025,4,0,44999.0,46779.0,49988.0,46330.0,44399.0,43645.0,47502.142857142855,46413.07142857143,45226.433333333334,2131.7425132637886,1879.122113537396,-248.0,-1579.0
2025-07-25 17:54:52,45799.0,25,7,2025,4,0,44751.0,44999.0,46779.0,47999.0,44990.0,43640.0,47187.857142857145,46470.857142857145,45298.4,2207.123197631462,1844.107074196539,1048.0,-2200.0
2025-07-26 02:51:30,44739.0,26,7,2025,5,1,45799.0,44751.0,44999.0,49999.0,44970.0,43600.0,46436.42857142857,46454.357142857145,45336.36666666667,1973.5847129137535,1859.537726142677,-1060.0,-5260.0
2025-07-26 12:34:17,44565.0,26,7,2025,5,1,44739.0,45799.0,44751.0,48000.0,44990.0,44499.0,45945.71428571428,46424.0,45338.566666666666,1946.8823551414785,1888.5255542972138,-174.0,-3435.0
2025-07-26 18:53:27,44465.0,26,7,2025,5,1,44565.0,44739.0,45799.0,49988.0,44999.0,44480.0,45156.71428571428,46385.857142857145,45338.066666666666,840.3272605130438,1924.5691168978894,-100.0,-5523.0
2025-07-27 05:10:00,44242.0,27,7,2025,6,1,44465.0,44565.0,44739.0,46779.0,44990.0,44399.0,44794.28571428572,46332.42857142857,45332.833333333336,503.7045146658402,1975.9964074361699,-223.0,-2537.0
2025-07-27 09:54:06,44199.0,27,7,2025,6,1,44242.0,44465.0,44565.0,44999.0,45999.0,44390.0,44680.0,46203.857142857145,45326.46666666667,539.0327757501046,2056.288997092411,-43.0,-800.0
2025-07-27 17:44:43,43960.0,27,7,2025,6,1,44199.0,44242.0,44465.0,44751.0,46330.0,43993.0,44567.0,46034.57142857143,45325.36666666667,601.0149748546593,2140.9198854807405,-239.0,-791.0
2025-07-28 02:51:47,43900.0,28,7,2025,0,0,43960.0,44199.0,44242.0,45799.0,47999.0,43600.0,44295.71428571428,45741.78571428572,45335.36666666667,310.7001310398182,2131.8695362951257,-60.0,-1899.0
2025-07-28 08:11:14,44999.0,28,7,2025,0,0,43900.0,43960.0,44199.0,44739.0,49999.0,44370.0,44332.857142857145,45384.642857142855,45356.333333333336,380.27596495623084,1748.0851769056737,1099.0,260.0
2025-07-28 14:13:46,43800.0,28,7,2025,0,0,44999.0,43900.0,43960.0,44565.0,48000.0,43795.0,44223.57142857143,45084.642857142855,45356.5,411.11671381804973,1620.45632733324,-1199.0,-765.0
2025-07-29 03:59:04,43700.0,29,7,2025,1,0,43800.0,44999.0,43900.0,44465.0,49988.0,44370.0,44114.28571428572,44635.5,45334.166666666664,437.09980335714414,840.6287710829671,-100.0,-765.0
2025-07-29 10:27:18,43800.0,29,7,2025,1,0,43700.0,43800.0,44999.0,44242.0,46779.0,44360.0,44051.142857142855,44422.71428571428,45315.5,447.3799386689514,598.4670710808683,100.0,-442.0
2025-07-29 18:08:14,44900.0,29,7,2025,1,0,43800.0,43700.0,43800.0,44199.0,44999.0,43795.0,44151.28571428572,44415.642857142855,45352.333333333336,552.175912273298,591.68034602428,1100.0,701.0
2025-07-29 21:46:28,43780.0,29,7,2025,1,0,44900.0,43800.0,43700.0,43960.0,44751.0,44330.0,44125.57142857143,44346.28571428572,45334.0,566.5721069560049,606.0810340074289,-1120.0,-180.0
2025-07-30 12:33:41,43900.0,30,7,2025,2,0,43780.0,44900.0,43800.0,43900.0,45799.0,44990.0,44125.57142857143,44210.642857142855,45297.666666666664,566.5721069560049,447.7766625939353,120.0,0.0
2025-07-30 14:39:47,43800.0,30,7,2025,2,0,43900.0,43780.0,44900.0,44999.0,44739.0,44399.0,43954.28571428572,44143.57142857143,45277.7,421.0644108623701,432.6161407969694,-100.0,-1199.0
2025-07-30 16:49:59,44900.0,30,7,2025,2,0,43800.0,43900.0,43780.0,43800.0,44565.0,44990.0,44111.42857142857,44167.5,45274.7,541.831110569122,465.71727144954554,1100.0,1100.0
2025-07-30 21:18:01,43800.0,30,7,2025,2,0,44900.0,43800.0,43900.0,43700.0,44465.0,44970.0,44125.71428571428,44120.0,45235.7,530.3727350598369,466.951323442692,-1100.0,100.0
2025-07-31 06:28:09,44845.0,31,7,2025,3,0,43800.0,44900.0,43800.0,43800.0,44242.0,44990.0,44275.0,44163.07142857143,45230.86666666667,569.0708801777319,505.30530973589606,1045.0,1045.0
2025-07-31 07:57:12,44999.0,31,7,2025,3,0,44845.0,43800.0,44900.0,44900.0,44199.0,44999.0,44289.142857142855,44220.21428571428,45230.86666666667,588.104420595016,552.6931515620043,154.0,99.0
2025-07-31 10:51:13,44835.0,31,7,2025,3,0,44999.0,44845.0,43800.0,43780.0,43960.0,44990.0,44439.857142857145,44282.71428571428,45225.7,570.808032111828,570.2002925548884,-164.0,1055.0
2025-07-31 18:08:25,44808.0,31,7,2025,3,0,44835.0,44999.0,44845.0,43900.0,43900.0,45999.0,44569.57142857143,44347.57142857143,45186.0,529.3445182933033,574.9403600250286,-27.0,908.0
2025-08-01 08:55:13,44805.0,1,8,2025,4,0,44808.0,44835.0,44999.0,43800.0,44999.0,46330.0,44713.142857142855,44333.71428571428,45135.166666666664,408.27500069194434,560.1803869624151,-3.0,1005.0
2025-08-01 13:10:36,43795.0,1,8,2025,4,0,44805.0,44808.0,44835.0,44900.0,43800.0,47999.0,44555.28571428572,44333.357142857145,44995.03333333333,521.8188428578027,560.5483039865487,-1010.0,-1105.0
2025-08-01 17:57:01,44400.0,1,8,2025,4,0,43795.0,44805.0,44808.0,43800.0,43700.0,49999.0,44641.0,44383.357142857145,44808.4,415.5313867000587,530.100659115316,605.0,600.0
2025-08-01 22:21:44,44399.0,1,8,2025,4,0,44400.0,43795.0,44805.0,44845.0,43800.0,48000.0,44577.28571428572,44426.142857142855,44688.36666666667,413.22500500508494,502.86851885559645,-1.0,-446.0
2025-08-02 05:16:54,44795.0,2,8,2025,5,1,44399.0,44400.0,43795.0,44999.0,44900.0,49988.0,44548.142857142855,44418.642857142855,44515.26666666667,384.738191748658,495.9935804739893,396.0,-204.0
2025-08-02 14:12:00,54449.0,2,8,2025,5,1,44795.0,44399.0,44400.0,44835.0,43780.0,46779.0,45921.57142857143,45180.71428571428,44770.933333333334,3777.75691194043,2707.0816653474353,9654.0,9614.0
2025-08-02 21:41:05,44795.0,2,8,2025,5,1,54449.0,44795.0,44399.0,44808.0,43900.0,44999.0,45919.71428571428,45244.642857142855,44764.13333333333,3778.3987223109893,2684.9884001228565,-9654.0,-13.0
2025-08-03 04:32:31,44990.0,3,8,2025,6,1,44795.0,54449.0,44795.0,44805.0,43800.0,44751.0,45946.142857142855,45329.642857142855,44772.1,3769.939717845616,2654.398602238087,195.0,185.0
2025-08-03 07:53:00,54449.0,3,8,2025,6,1,44990.0,44795.0,54449.0,43795.0,44900.0,45799.0,47468.142857142855,46011.71428571428,45060.433333333334,4773.720576537386,3595.518544577196,9459.0,10654.0
2025-08-03 09:17:31,44989.0,3,8,2025,6,1,54449.0,44990.0,44795.0,44400.0,43800.0,44739.0,47552.28571428572,46096.642857142855,45068.76666666667,4715.462816249095,3553.049407679196,-9460.0,589.0
2025-08-03 11:54:22,44988.0,3,8,2025,6,1,44989.0,54449.0,44990.0,44399.0,44845.0,44565.0,47636.42857142857,46106.857142857145,45082.86666666667,4654.680936331393,3549.3780572671435,-1.0,589.0
2025-08-03 17:41:16,54449.0,3,8,2025,6,1,44988.0,44989.0,54449.0,44795.0,44999.0,44465.0,49015.57142857143,46781.857142857145,45415.666666666664,5082.969862102939,4167.274978598783,9461.0,9654.0
2025-08-04 05:20:30,44989.0,4,8,2025,0,0,54449.0,44988.0,44989.0,54449.0,44835.0,44242.0,47664.142857142855,46792.857142857145,45440.566666666666,4635.481148294074,4161.940558056294,-9460.0,-9460.0
2025-08-04 08:13:00,45990.0,4,8,2025,0,0,44989.0,54449.0,44988.0,44795.0,44808.0,44199.0,47834.857142857145,46877.28571428572,45500.26666666667,4533.079947400339,4130.448540153945,1001.0,1195.0
2025-08-06 17:24:01,45957.0,6,8,2025,2,0,45990.0,44989.0,54449.0,44990.0,44805.0,43960.0,47973.0,46959.57142857143,45566.833333333336,4445.830143703863,4097.3315089834,-33.0,967.0
2025-08-08 04:57:18,45900.0,8,8,2025,4,0,45957.0,45990.0,44989.0,54449.0,43795.0,43900.0,46751.71428571428,47109.92857142857,45633.5,3428.0804985824393,4009.9617198307715,-57.0,-8549.0
2025-08-08 16:01:38,45690.0,8,8,2025,4,0,45900.0,45957.0,45990.0,44989.0,44400.0,44999.0,46851.857142857145,47202.07142857143,45656.53333333333,3377.8763263609567,3957.3780065613937,-210.0,701.0
2025-08-09 17:43:21,45500.0,9,8,2025,5,1,45690.0,45900.0,45957.0,44988.0,44399.0,43800.0,46925.0,47280.71428571428,45713.2,3336.075438795209,3908.0211484466054,-190.0,512.0
2025-08-10 08:12:32,45998.0,10,8,2025,6,1,45500.0,45690.0,45900.0,54449.0,44795.0,43700.0,45717.71428571428,47366.642857142855,45789.8,370.2200761186258,3862.1176854785417,498.0,-8451.0
2025-08-11 04:40:58,45999.0,11,8,2025,0,0,45998.0,45500.0,45690.0,44989.0,54449.0,43800.0,45862.0,46763.07142857143,45863.1,193.53983224657824,3287.7146016953075,1.0,1010.0
2025-08-13 05:33:39,45900.0,13,8,2025,2,0,45999.0,45998.0,45500.0,45990.0,44795.0,44900.0,45849.142857142855,46842.0,45896.433333333334,186.4800512740636,3249.878648622429,-99.0,-90.0
2025-08-13 18:41:37,49330.0,13,8,2025,2,0,45900.0,45999.0,45998.0,45957.0,44990.0,43780.0,46331.0,47152.0,46081.433333333334,1334.6708707890002,3266.580027632222,3430.0,3373.0
2025-08-14 02:33:02,45999.0,14,8,2025,3,0,49330.0,45900.0,45999.0,45900.0,54449.0,43900.0,46345.142857142855,46548.42857142857,46151.4,1329.858442162101,2506.9151657673665,-3331.0,99.0
2025-08-14 07:01:01,49330.0,14,8,2025,3,0,45999.0,49330.0,45900.0,45690.0,44989.0,43800.0,46865.142857142855,46858.5,46335.73333333333,1693.049559086535,2566.9408536537335,3331.0,3640.0
2025-08-14 11:17:40,45999.0,14,8,2025,3,0,49330.0,45999.0,49330.0,45500.0,44988.0,44900.0,46936.42857142857,46930.71428571428,46372.36666666667,1635.5181500206336,2524.1353562568693,-3331.0,499.0
2025-08-16 12:11:31,49999.0,16,8,2025,5,1,45999.0,49330.0,45999.0,45998.0,54449.0,43800.0,47508.0,46612.857142857145,46579.0,1926.1946942090906,1624.3735766400168,4000.0,4001.0
2025-08-17 18:18:14,45999.0,17,8,2025,6,1,49999.0,45999.0,49330.0,45999.0,44989.0,44845.0,47508.0,46685.0,46617.46666666667,1926.1946942090906,1568.1617852180093,-4000.0,0.0
2025-08-23 11:08:22,46499.0,23,8,2025,5,1,45999.0,49999.0,45999.0,45900.0,45990.0,44999.0,47593.57142857143,46721.357142857145,46667.46666666667,1854.8367275082542,1556.6673775018753,500.0,599.0
2025-08-24 08:31:34,46999.0,24,8,2025,6,1,46499.0,45999.0,49999.0,49330.0,45957.0,44835.0,47260.57142857143,46795.78571428572,46739.6,1693.3509044830482,1542.1528996622844,500.0,-2331.0
2025-08-26 19:00:21,45999.0,26,8,2025,1,0,46999.0,46499.0,45999.0,45999.0,45900.0,44808.0,47260.57142857143,46802.857142857145,46779.3,1693.3509044830482,1537.9506272539625,-1000.0,0.0
2025-08-28 14:40:30,46999.0,28,8,2025,3,0,45999.0,46999.0,46499.0,49330.0,45690.0,44805.0,46927.57142857143,46896.357142857145,46852.433333333334,1426.7845968167671,1504.5169737090139,1000.0,-2331.0
2025-08-30 07:50:21,47299.0,30,8,2025,5,1,46999.0,45999.0,46999.0,45999.0,45500.0,43795.0,47113.28571428572,47024.857142857145,46969.23333333333,1369.2194509139829,1451.9897147951187,300.0,1300.0
2025-08-31 03:16:32,46999.0,31,8,2025,6,1,47299.0,46999.0,45999.0,49999.0,45998.0,44400.0,46684.71428571428,47096.357142857145,47055.86666666667,524.1773600235149,1421.8683595434547,-300.0,-3000.0
2025-08-31 07:50:09,47399.0,31,8,2025,6,1,46999.0,47299.0,46999.0,45999.0,45999.0,44399.0,46884.71428571428,47196.357142857145,47155.86666666667,484.52234701941927,1387.5719028997842,400.0,1400.0
2025-09-02 07:20:38,48900.0,2,9,2025,1,0,47399.0,46999.0,47299.0,46499.0,45900.0,44795.0,47227.71428571428,47410.642857142855,47292.7,865.7972653925286,1403.5292114007982,1501.0,2401.0
2025-09-03 15:48:03,49999.0,3,9,2025,2,0,48900.0,47399.0,46999.0,46999.0,49330.0,54449.0,47656.28571428572,47458.42857142857,47144.36666666667,1344.10003525078,1483.0404690936866,1099.0,3000.0
2025-09-04 12:27:00,48999.0,4,9,2025,3,0,49999.0,48900.0,47399.0,45999.0,45999.0,44795.0,48084.857142857145,47672.71428571428,47284.5,1197.928827681214,1472.6451569350647,-1000.0,3000.0
2025-09-10 18:18:25,48799.0,10,9,2025,2,0,48999.0,49999.0,48900.0,46999.0,49330.0,44990.0,48342.0,47634.78571428572,47411.46666666667,1116.4122595764188,1432.9816241555184,-200.0,1800.0
2025-09-14 11:51:23,47999.0,14,9,2025,6,1,48799.0,48999.0,49999.0,47299.0,45999.0,54449.0,48442.0,47777.642857142855,47196.46666666667,1035.8617990185035,1354.9287581134888,-800.0,700.0
2025-09-14 14:04:52,49999.0,14,9,2025,6,1,47999.0,48799.0,48999.0,46999.0,49999.0,44989.0,48870.57142857143,47777.642857142855,47363.46666666667,956.9346646349996,1354.9287581134888,2000.0,3000.0
2025-09-15 11:25:34,46900.0,15,9,2025,0,0,49999.0,47999.0,48799.0,47399.0,45999.0,44988.0,48799.28571428572,47842.0,47427.2,1093.6484374610775,1283.4603466959816,-3099.0,-499.0
2025-09-15 19:40:55,46500.0,15,9,2025,0,0,46900.0,49999.0,47999.0,48900.0,46499.0,54449.0,48456.42857142857,47842.07142857143,47162.23333333333,1392.2473268233612,1283.3798804660003,-400.0,-2400.0
2025-09-17 05:28:42,45900.0,17,9,2025,2,0,46500.0,46900.0,49999.0,49999.0,46999.0,44989.0,47870.857142857145,47763.57142857143,47192.6,1493.634206509868,1369.6274459362535,-600.0,-4099.0
2025-09-18 00:36:15,48799.0,18,9,2025,3,0,45900.0,46500.0,46900.0,48999.0,45999.0,45990.0,47842.28571428572,47963.57142857143,47286.23333333333,1470.1863503519296,1294.5100477550354,2899.0,-200.0
2025-09-18 02:30:21,45900.0,18,9,2025,3,0,48799.0,45900.0,46500.0,48799.0,46999.0,45957.0,47428.142857142855,47885.07142857143,47284.333333333336,1561.2633163103515,1387.4849667544258,-2899.0,-2899.0
2025-09-19 15:48:05,46999.0,19,9,2025,4,0,45900.0,48799.0,45900.0,47999.0,47299.0,45900.0,47285.28571428572,47863.642857142855,47320.96666666667,1545.9995379778861,1399.4972507824216,1099.0,-1000.0
